client_id	path	sentence	up_votes	down_votes	age	gender	accent	locale	segment
195aadfba2e2a0cbd16f47d5f24792a82e3bd5967cac3180eb54fc9c4b0067703e318a77105411eb92ec343d0bd824e5981f7ef311bb33cd7c8f3c98087f9e9b	common_voice_ar_21866708.mp3	أربعة	2	0	twenties	male		ar	Benchmark
2904a5e813723859c454988091d61c848f8c189c9935f0d90c7371452152b0a19948e285c48d21206f01b2631ead4db6e5b6043cc42d7457373b7eb552f62ec3	common_voice_ar_21718692.mp3	أربعة	2	0	thirties	male		ar	Benchmark
3dc96094f97daf2480e974d3efcc92849f3fe63d00fb65b4150bea55096a8acff78773de66cb06c6dfaf112f495779d93b359fd3cb5af39c7f4a7658ce77f157	common_voice_ar_21818419.mp3	ستة	2	0	twenties	male		ar	Benchmark
72823fc924f5f5d03d7608b031c566e2de372e94933af2512f56ae31bfd047cd7a5a048da06dcc78c461906ff6fbd13971c46b916c023ce5f8e4555cba078500	common_voice_ar_21696507.mp3	إثنان	2	0				ar	Benchmark
c66250e47493484e2e218cdd96f3d23e3ec59576dc2eefe02e0f2a4494267301ce16a027e800d50202c6c5badf4a467ca3c3b40351ca9584052d8ce37f7feb57	common_voice_ar_22576667.mp3	لا	2	0	twenties	male		ar	Benchmark
da0fc72d5dc34eadd3bff47bb01bc7db0019544b2140887785cf08f8ee64b8b7078a4a75c676624fded472ff8f0c40ee4bb663275d9f35a9c99896d514d4281a	common_voice_ar_21705328.mp3	واحد	2	0	thirties	male		ar	Benchmark
eaaf9afe97de8ae107f10091412df565a64db104f6a419f4eacb034e2ca96be5a8dae9d58d23766c974b1e9692ab11689f5bdb16e897c3561f1ca46a7c91b875	common_voice_ar_22371318.mp3	سبعة	2	1				ar	Benchmark
47efb290588ad1b1a8fa77bf102bde74eb5cdc19e5a66c74666222ec36dfa97769f18fe0a52ca381dfb9c0dbe2b3c92d239ac0189c8f4bcf1b010935e7c2e15b	common_voice_ar_23905164.mp3	ستة	2	0	twenties	male		ar	Benchmark
47efb290588ad1b1a8fa77bf102bde74eb5cdc19e5a66c74666222ec36dfa97769f18fe0a52ca381dfb9c0dbe2b3c92d239ac0189c8f4bcf1b010935e7c2e15b	common_voice_ar_23905168.mp3	إثنان	2	0	twenties	male		ar	Benchmark
5d360934b5cd26389c510aa519e0fa6bce98f134993a71fbf76d86af80e45bde7ab5773731dcf67e8d0612776503a77b9de4f558cc1b8386926e577317ec73cd	common_voice_ar_22014694.mp3	نعم	2	1				ar	Benchmark
5d360934b5cd26389c510aa519e0fa6bce98f134993a71fbf76d86af80e45bde7ab5773731dcf67e8d0612776503a77b9de4f558cc1b8386926e577317ec73cd	common_voice_ar_22014695.mp3	صفر	2	0				ar	Benchmark
c8b96cb6eb5c065f9af92f1a769cc91756025fd8a444b87c84ceadd287c8495bf39fe8edf2fffef0520ede8df384c92643a6783d7bb3c35436b8bdc891c11120	common_voice_ar_21835330.mp3	أربعة	2	0				ar	Benchmark
c8b96cb6eb5c065f9af92f1a769cc91756025fd8a444b87c84ceadd287c8495bf39fe8edf2fffef0520ede8df384c92643a6783d7bb3c35436b8bdc891c11120	common_voice_ar_21835648.mp3	نعم	2	1				ar	Benchmark
4ae64939b3c96e31b9796735cb7b6bdabe312a7518e8fe57ae7ef08ac4e2f5493324fcce07cff9044e2e69c83c0307a956474e4cd3036bd004ae903dd3522ed7	common_voice_ar_21722155.mp3	ستة	2	0		male		ar	Benchmark
4ae64939b3c96e31b9796735cb7b6bdabe312a7518e8fe57ae7ef08ac4e2f5493324fcce07cff9044e2e69c83c0307a956474e4cd3036bd004ae903dd3522ed7	common_voice_ar_21722377.mp3	واحد	2	0		male		ar	Benchmark
4ae64939b3c96e31b9796735cb7b6bdabe312a7518e8fe57ae7ef08ac4e2f5493324fcce07cff9044e2e69c83c0307a956474e4cd3036bd004ae903dd3522ed7	common_voice_ar_21722420.mp3	نعم	2	0		male		ar	Benchmark
ade9d4304b9c2318f974459ed972f9f8eb8b6b8f75602fd2306acd90ad8b88d8792b9e28ac9bba554f9f3b62ffaa379bc05a5a5dd58aafca850129a8b3727769	common_voice_ar_21919797.mp3	تسعة	2	0				ar	Benchmark
ade9d4304b9c2318f974459ed972f9f8eb8b6b8f75602fd2306acd90ad8b88d8792b9e28ac9bba554f9f3b62ffaa379bc05a5a5dd58aafca850129a8b3727769	common_voice_ar_21919800.mp3	ثلاثة	2	0				ar	Benchmark
ade9d4304b9c2318f974459ed972f9f8eb8b6b8f75602fd2306acd90ad8b88d8792b9e28ac9bba554f9f3b62ffaa379bc05a5a5dd58aafca850129a8b3727769	common_voice_ar_21919804.mp3	أربعة	2	0				ar	Benchmark
caacef5507b8dd85c21a1cfc23e82de2fa307da7db2719eae6498c42c08f846f1059cc7de363657aedea994150a8e59595eced82be695c6093f92b7432c3a105	common_voice_ar_22702965.mp3	صفر	2	0				ar	Benchmark
caacef5507b8dd85c21a1cfc23e82de2fa307da7db2719eae6498c42c08f846f1059cc7de363657aedea994150a8e59595eced82be695c6093f92b7432c3a105	common_voice_ar_22702966.mp3	واحد	2	1				ar	Benchmark
caacef5507b8dd85c21a1cfc23e82de2fa307da7db2719eae6498c42c08f846f1059cc7de363657aedea994150a8e59595eced82be695c6093f92b7432c3a105	common_voice_ar_22702967.mp3	هَايْ	2	0				ar	Benchmark
e66fcc08cf97c965fef00ed7bb2af5327a39368d1a704d8c25fb2fc0b10f9e8b238075461cd38321a03cdf0859985d5eb57a5f4d541cd8c2a5c06a638f84bbba	common_voice_ar_22479674.mp3	خمسة	2	1				ar	Benchmark
e66fcc08cf97c965fef00ed7bb2af5327a39368d1a704d8c25fb2fc0b10f9e8b238075461cd38321a03cdf0859985d5eb57a5f4d541cd8c2a5c06a638f84bbba	common_voice_ar_22479679.mp3	أربعة	2	1				ar	Benchmark
e66fcc08cf97c965fef00ed7bb2af5327a39368d1a704d8c25fb2fc0b10f9e8b238075461cd38321a03cdf0859985d5eb57a5f4d541cd8c2a5c06a638f84bbba	common_voice_ar_22479682.mp3	ستة	2	0				ar	Benchmark
f28017cdfa0d75d680936c219084c7d81235169b1bd64d8fb0448ce5554100f99a9e1d65591d2ec357c228bb0c28c3dceee004077760036e81578e7cd0db98f6	common_voice_ar_21739247.mp3	أربعة	2	0	thirties	male		ar	Benchmark
f28017cdfa0d75d680936c219084c7d81235169b1bd64d8fb0448ce5554100f99a9e1d65591d2ec357c228bb0c28c3dceee004077760036e81578e7cd0db98f6	common_voice_ar_21848964.mp3	خمسة	2	0	thirties	male		ar	Benchmark
f28017cdfa0d75d680936c219084c7d81235169b1bd64d8fb0448ce5554100f99a9e1d65591d2ec357c228bb0c28c3dceee004077760036e81578e7cd0db98f6	common_voice_ar_21849032.mp3	تسعة	2	0	thirties	male		ar	Benchmark
5f1c93b679725df68ad79874618a8acfad0d822c41bbdb14791a22febe4db285fb1e46d93a923d8f12300eb7f95dc0ebf4bc484cb3deb2bedc3a5de37b9000db	common_voice_ar_21988099.mp3	إثنان	2	0				ar	Benchmark
5f1c93b679725df68ad79874618a8acfad0d822c41bbdb14791a22febe4db285fb1e46d93a923d8f12300eb7f95dc0ebf4bc484cb3deb2bedc3a5de37b9000db	common_voice_ar_21988101.mp3	سبعة	2	0				ar	Benchmark
5f1c93b679725df68ad79874618a8acfad0d822c41bbdb14791a22febe4db285fb1e46d93a923d8f12300eb7f95dc0ebf4bc484cb3deb2bedc3a5de37b9000db	common_voice_ar_21988104.mp3	نعم	2	0				ar	Benchmark
5f1c93b679725df68ad79874618a8acfad0d822c41bbdb14791a22febe4db285fb1e46d93a923d8f12300eb7f95dc0ebf4bc484cb3deb2bedc3a5de37b9000db	common_voice_ar_21988105.mp3	تسعة	2	0				ar	Benchmark
8dd33c0db10939217bc3e29aa55a317768796140286db285a73ce474057936dd8ab7ea40e1e236575f24146e9ccebe7800ab01772d017ab7b7af993786403ef2	common_voice_ar_23872715.mp3	لا	2	1				ar	Benchmark
8dd33c0db10939217bc3e29aa55a317768796140286db285a73ce474057936dd8ab7ea40e1e236575f24146e9ccebe7800ab01772d017ab7b7af993786403ef2	common_voice_ar_23872716.mp3	فَيَرفُكس	2	1				ar	Benchmark
8dd33c0db10939217bc3e29aa55a317768796140286db285a73ce474057936dd8ab7ea40e1e236575f24146e9ccebe7800ab01772d017ab7b7af993786403ef2	common_voice_ar_23872717.mp3	تسعة	2	0				ar	Benchmark
8dd33c0db10939217bc3e29aa55a317768796140286db285a73ce474057936dd8ab7ea40e1e236575f24146e9ccebe7800ab01772d017ab7b7af993786403ef2	common_voice_ar_23872718.mp3	سبعة	2	0				ar	Benchmark
b41887200545da7538ea45fd16bfb07faa7155a4ee0f56ecb6a1cfe1019dfcbdd85f3ba8fbd3934f73ac0ed774450785b97ccb0dac861bcd6765a2a9f0e00fc7	common_voice_ar_22374986.mp3	صفر	2	0	twenties	female		ar	Benchmark
b41887200545da7538ea45fd16bfb07faa7155a4ee0f56ecb6a1cfe1019dfcbdd85f3ba8fbd3934f73ac0ed774450785b97ccb0dac861bcd6765a2a9f0e00fc7	common_voice_ar_22374987.mp3	فَيَرفُكس	2	0	twenties	female		ar	Benchmark
b41887200545da7538ea45fd16bfb07faa7155a4ee0f56ecb6a1cfe1019dfcbdd85f3ba8fbd3934f73ac0ed774450785b97ccb0dac861bcd6765a2a9f0e00fc7	common_voice_ar_22374988.mp3	خمسة	2	0	twenties	female		ar	Benchmark
b41887200545da7538ea45fd16bfb07faa7155a4ee0f56ecb6a1cfe1019dfcbdd85f3ba8fbd3934f73ac0ed774450785b97ccb0dac861bcd6765a2a9f0e00fc7	common_voice_ar_22374990.mp3	ستة	2	1	twenties	female		ar	Benchmark
daaf549576b531c29044cfb3392a502f8d0bd949b4873213c83c1d04f57e12e1bebf206da36799c7252b26b9acece8fbfc0b34fbd8374283277ddf8d26a6e836	common_voice_ar_22398014.mp3	أربعة	2	0	twenties	male		ar	Benchmark
daaf549576b531c29044cfb3392a502f8d0bd949b4873213c83c1d04f57e12e1bebf206da36799c7252b26b9acece8fbfc0b34fbd8374283277ddf8d26a6e836	common_voice_ar_22398015.mp3	هَايْ	2	0	twenties	male		ar	Benchmark
daaf549576b531c29044cfb3392a502f8d0bd949b4873213c83c1d04f57e12e1bebf206da36799c7252b26b9acece8fbfc0b34fbd8374283277ddf8d26a6e836	common_voice_ar_22398016.mp3	إثنان	2	0	twenties	male		ar	Benchmark
daaf549576b531c29044cfb3392a502f8d0bd949b4873213c83c1d04f57e12e1bebf206da36799c7252b26b9acece8fbfc0b34fbd8374283277ddf8d26a6e836	common_voice_ar_22398017.mp3	ثلاثة	2	0	twenties	male		ar	Benchmark
f6ee8721260345d4fd888683c785b98b1bddb14fc5eae264d00762d77a6795ff9b4ed7ca9faac7036ea40d2b737cc49bed5adf68a915ea021005e5a789738271	common_voice_ar_23868079.mp3	ثلاثة	2	0				ar	Benchmark
f6ee8721260345d4fd888683c785b98b1bddb14fc5eae264d00762d77a6795ff9b4ed7ca9faac7036ea40d2b737cc49bed5adf68a915ea021005e5a789738271	common_voice_ar_23868081.mp3	فَيَرفُكس	2	0				ar	Benchmark
f6ee8721260345d4fd888683c785b98b1bddb14fc5eae264d00762d77a6795ff9b4ed7ca9faac7036ea40d2b737cc49bed5adf68a915ea021005e5a789738271	common_voice_ar_23868082.mp3	نعم	2	0				ar	Benchmark
f6ee8721260345d4fd888683c785b98b1bddb14fc5eae264d00762d77a6795ff9b4ed7ca9faac7036ea40d2b737cc49bed5adf68a915ea021005e5a789738271	common_voice_ar_23868083.mp3	أربعة	2	1				ar	Benchmark
3550445268e5e578f00db977676c551a3e05b5353acb142568f626be9d115c7320ff237638a979dbbcf41da22e7ebcb00159b2510845e773ca64581478bde811	common_voice_ar_22240245.mp3	لا	2	0	twenties	male		ar	Benchmark
3550445268e5e578f00db977676c551a3e05b5353acb142568f626be9d115c7320ff237638a979dbbcf41da22e7ebcb00159b2510845e773ca64581478bde811	common_voice_ar_22240246.mp3	نعم	2	0	twenties	male		ar	Benchmark
3550445268e5e578f00db977676c551a3e05b5353acb142568f626be9d115c7320ff237638a979dbbcf41da22e7ebcb00159b2510845e773ca64581478bde811	common_voice_ar_22240247.mp3	تسعة	2	1	twenties	male		ar	Benchmark
3550445268e5e578f00db977676c551a3e05b5353acb142568f626be9d115c7320ff237638a979dbbcf41da22e7ebcb00159b2510845e773ca64581478bde811	common_voice_ar_22240248.mp3	سبعة	2	0	twenties	male		ar	Benchmark
3550445268e5e578f00db977676c551a3e05b5353acb142568f626be9d115c7320ff237638a979dbbcf41da22e7ebcb00159b2510845e773ca64581478bde811	common_voice_ar_22240249.mp3	واحد	2	0	twenties	male		ar	Benchmark
70f90c429e41fcb33def72d64d28f5f9f6150d0acfa72db6a75c66093d88d38ec7f2c986bd0230874a7e00495fd51373f2e1f8425417ca71a3ddd067bcc97c10	common_voice_ar_22130471.mp3	هَايْ	2	1	twenties	male		ar	Benchmark
70f90c429e41fcb33def72d64d28f5f9f6150d0acfa72db6a75c66093d88d38ec7f2c986bd0230874a7e00495fd51373f2e1f8425417ca71a3ddd067bcc97c10	common_voice_ar_22130477.mp3	واحد	2	0	twenties	male		ar	Benchmark
70f90c429e41fcb33def72d64d28f5f9f6150d0acfa72db6a75c66093d88d38ec7f2c986bd0230874a7e00495fd51373f2e1f8425417ca71a3ddd067bcc97c10	common_voice_ar_22130482.mp3	تسعة	2	0	twenties	male		ar	Benchmark
70f90c429e41fcb33def72d64d28f5f9f6150d0acfa72db6a75c66093d88d38ec7f2c986bd0230874a7e00495fd51373f2e1f8425417ca71a3ddd067bcc97c10	common_voice_ar_22130487.mp3	ستة	2	0	twenties	male		ar	Benchmark
70f90c429e41fcb33def72d64d28f5f9f6150d0acfa72db6a75c66093d88d38ec7f2c986bd0230874a7e00495fd51373f2e1f8425417ca71a3ddd067bcc97c10	common_voice_ar_22130491.mp3	أربعة	2	1	twenties	male		ar	Benchmark
750b8d65fba4bab9f18222363c2c71c459d7a27a248a1eae843f077222b6323f2e64195b251b9b126033cba443e8e6c3379a714d0e7578e6c8d0102a48d98b93	common_voice_ar_22251594.mp3	هَايْ	2	0	twenties	female		ar	Benchmark
750b8d65fba4bab9f18222363c2c71c459d7a27a248a1eae843f077222b6323f2e64195b251b9b126033cba443e8e6c3379a714d0e7578e6c8d0102a48d98b93	common_voice_ar_22251596.mp3	إثنان	2	0	twenties	female		ar	Benchmark
750b8d65fba4bab9f18222363c2c71c459d7a27a248a1eae843f077222b6323f2e64195b251b9b126033cba443e8e6c3379a714d0e7578e6c8d0102a48d98b93	common_voice_ar_22251599.mp3	واحد	2	0	twenties	female		ar	Benchmark
750b8d65fba4bab9f18222363c2c71c459d7a27a248a1eae843f077222b6323f2e64195b251b9b126033cba443e8e6c3379a714d0e7578e6c8d0102a48d98b93	common_voice_ar_22251603.mp3	لا	2	0	twenties	female		ar	Benchmark
750b8d65fba4bab9f18222363c2c71c459d7a27a248a1eae843f077222b6323f2e64195b251b9b126033cba443e8e6c3379a714d0e7578e6c8d0102a48d98b93	common_voice_ar_22251607.mp3	تسعة	2	0	twenties	female		ar	Benchmark
8edfc32c90fc984f04d077889b01a344b1f445f74542b523d974821eb522db4dfa4ec6287661b8d8be558e512780635c3668bea2c04ccb532f431321e422556c	common_voice_ar_22448275.mp3	ستة	2	0				ar	Benchmark
8edfc32c90fc984f04d077889b01a344b1f445f74542b523d974821eb522db4dfa4ec6287661b8d8be558e512780635c3668bea2c04ccb532f431321e422556c	common_voice_ar_22448276.mp3	سبعة	2	0				ar	Benchmark
8edfc32c90fc984f04d077889b01a344b1f445f74542b523d974821eb522db4dfa4ec6287661b8d8be558e512780635c3668bea2c04ccb532f431321e422556c	common_voice_ar_22448277.mp3	واحد	2	0				ar	Benchmark
8edfc32c90fc984f04d077889b01a344b1f445f74542b523d974821eb522db4dfa4ec6287661b8d8be558e512780635c3668bea2c04ccb532f431321e422556c	common_voice_ar_22448278.mp3	ثمانية	2	0				ar	Benchmark
8edfc32c90fc984f04d077889b01a344b1f445f74542b523d974821eb522db4dfa4ec6287661b8d8be558e512780635c3668bea2c04ccb532f431321e422556c	common_voice_ar_22448279.mp3	تسعة	2	0				ar	Benchmark
ac433b5c090eb54f47a8a2f479baecc5c88a4bc41e1d79338eb604a89e1e66d514052b3ef95f23f5b29e517e1519bb0dd4c2ce906c7d1f210f5d7eb54a0b8ed4	common_voice_ar_22072516.mp3	سبعة	2	0				ar	Benchmark
ac433b5c090eb54f47a8a2f479baecc5c88a4bc41e1d79338eb604a89e1e66d514052b3ef95f23f5b29e517e1519bb0dd4c2ce906c7d1f210f5d7eb54a0b8ed4	common_voice_ar_22072521.mp3	صفر	2	1				ar	Benchmark
ac433b5c090eb54f47a8a2f479baecc5c88a4bc41e1d79338eb604a89e1e66d514052b3ef95f23f5b29e517e1519bb0dd4c2ce906c7d1f210f5d7eb54a0b8ed4	common_voice_ar_22072524.mp3	نعم	2	0				ar	Benchmark
ac433b5c090eb54f47a8a2f479baecc5c88a4bc41e1d79338eb604a89e1e66d514052b3ef95f23f5b29e517e1519bb0dd4c2ce906c7d1f210f5d7eb54a0b8ed4	common_voice_ar_22072527.mp3	واحد	2	0				ar	Benchmark
ac433b5c090eb54f47a8a2f479baecc5c88a4bc41e1d79338eb604a89e1e66d514052b3ef95f23f5b29e517e1519bb0dd4c2ce906c7d1f210f5d7eb54a0b8ed4	common_voice_ar_22072530.mp3	هَايْ	2	0				ar	Benchmark
ad45e5349cf1e8e067a018097585010ca52b4174ffd94a719ca5ee341fdc12ae288521f517547e9b570ecc123a40a7a33047905fa9eb4c538a10b800cfddc1c0	common_voice_ar_22685875.mp3	تسعة	2	0				ar	Benchmark
ad45e5349cf1e8e067a018097585010ca52b4174ffd94a719ca5ee341fdc12ae288521f517547e9b570ecc123a40a7a33047905fa9eb4c538a10b800cfddc1c0	common_voice_ar_22685876.mp3	هَايْ	2	1				ar	Benchmark
ad45e5349cf1e8e067a018097585010ca52b4174ffd94a719ca5ee341fdc12ae288521f517547e9b570ecc123a40a7a33047905fa9eb4c538a10b800cfddc1c0	common_voice_ar_22685877.mp3	لا	2	0				ar	Benchmark
ad45e5349cf1e8e067a018097585010ca52b4174ffd94a719ca5ee341fdc12ae288521f517547e9b570ecc123a40a7a33047905fa9eb4c538a10b800cfddc1c0	common_voice_ar_22685878.mp3	ثمانية	2	0				ar	Benchmark
ad45e5349cf1e8e067a018097585010ca52b4174ffd94a719ca5ee341fdc12ae288521f517547e9b570ecc123a40a7a33047905fa9eb4c538a10b800cfddc1c0	common_voice_ar_22685879.mp3	أربعة	2	0				ar	Benchmark
ae20cc916a23572fe1f8935a0c045bfff16f3e8250636742d1bf71ff68c41566f054e8f966cb7045eb3c5f912c124e0cc44d02b3bb0d5e6aba82a2b598ef2e56	common_voice_ar_22404192.mp3	خمسة	2	1	twenties	male		ar	Benchmark
ae20cc916a23572fe1f8935a0c045bfff16f3e8250636742d1bf71ff68c41566f054e8f966cb7045eb3c5f912c124e0cc44d02b3bb0d5e6aba82a2b598ef2e56	common_voice_ar_22404194.mp3	لا	2	0	twenties	male		ar	Benchmark
ae20cc916a23572fe1f8935a0c045bfff16f3e8250636742d1bf71ff68c41566f054e8f966cb7045eb3c5f912c124e0cc44d02b3bb0d5e6aba82a2b598ef2e56	common_voice_ar_22404201.mp3	فَيَرفُكس	2	0	twenties	male		ar	Benchmark
ae20cc916a23572fe1f8935a0c045bfff16f3e8250636742d1bf71ff68c41566f054e8f966cb7045eb3c5f912c124e0cc44d02b3bb0d5e6aba82a2b598ef2e56	common_voice_ar_22404203.mp3	ثمانية	2	0	twenties	male		ar	Benchmark
ae20cc916a23572fe1f8935a0c045bfff16f3e8250636742d1bf71ff68c41566f054e8f966cb7045eb3c5f912c124e0cc44d02b3bb0d5e6aba82a2b598ef2e56	common_voice_ar_22404207.mp3	تسعة	2	0	twenties	male		ar	Benchmark
b6076b09e21b87786a7f0f8f2211fb44b0504ff1c883eb28561ade18a1bf0de4a57a213dd837b8e877870beceeedb2d3a2a5cc09d37d10eca51307bf4a8c63ae	common_voice_ar_22014712.mp3	خمسة	2	0				ar	Benchmark
b6076b09e21b87786a7f0f8f2211fb44b0504ff1c883eb28561ade18a1bf0de4a57a213dd837b8e877870beceeedb2d3a2a5cc09d37d10eca51307bf4a8c63ae	common_voice_ar_22014713.mp3	تسعة	2	0				ar	Benchmark
b6076b09e21b87786a7f0f8f2211fb44b0504ff1c883eb28561ade18a1bf0de4a57a213dd837b8e877870beceeedb2d3a2a5cc09d37d10eca51307bf4a8c63ae	common_voice_ar_22014714.mp3	ستة	2	0				ar	Benchmark
b6076b09e21b87786a7f0f8f2211fb44b0504ff1c883eb28561ade18a1bf0de4a57a213dd837b8e877870beceeedb2d3a2a5cc09d37d10eca51307bf4a8c63ae	common_voice_ar_22014715.mp3	أربعة	2	0				ar	Benchmark
b6076b09e21b87786a7f0f8f2211fb44b0504ff1c883eb28561ade18a1bf0de4a57a213dd837b8e877870beceeedb2d3a2a5cc09d37d10eca51307bf4a8c63ae	common_voice_ar_22014716.mp3	ثمانية	2	0				ar	Benchmark
d42e9426a37460e99006d562519ad6302667103c700aa8a54cd9d9be6cf237ca219bea0b9396d9c2d3db63950ee1e87eb9fd58336fb22ebe34d9611a1388e0ac	common_voice_ar_22537267.mp3	فَيَرفُكس	2	1				ar	Benchmark
d42e9426a37460e99006d562519ad6302667103c700aa8a54cd9d9be6cf237ca219bea0b9396d9c2d3db63950ee1e87eb9fd58336fb22ebe34d9611a1388e0ac	common_voice_ar_22537268.mp3	لا	2	0				ar	Benchmark
d42e9426a37460e99006d562519ad6302667103c700aa8a54cd9d9be6cf237ca219bea0b9396d9c2d3db63950ee1e87eb9fd58336fb22ebe34d9611a1388e0ac	common_voice_ar_22537271.mp3	أربعة	2	1				ar	Benchmark
d42e9426a37460e99006d562519ad6302667103c700aa8a54cd9d9be6cf237ca219bea0b9396d9c2d3db63950ee1e87eb9fd58336fb22ebe34d9611a1388e0ac	common_voice_ar_22537274.mp3	إثنان	2	1				ar	Benchmark
d42e9426a37460e99006d562519ad6302667103c700aa8a54cd9d9be6cf237ca219bea0b9396d9c2d3db63950ee1e87eb9fd58336fb22ebe34d9611a1388e0ac	common_voice_ar_22537276.mp3	خمسة	2	1				ar	Benchmark
fa9c220dd18b7a077dd8fb693995cf3dfc9e9edc61e89aa8561f2feeab0a22153877da9cf5ec294b6e894a8475977914cecbc788ba08baeba1ff7f0b10e89da9	common_voice_ar_22620380.mp3	واحد	2	1				ar	Benchmark
fa9c220dd18b7a077dd8fb693995cf3dfc9e9edc61e89aa8561f2feeab0a22153877da9cf5ec294b6e894a8475977914cecbc788ba08baeba1ff7f0b10e89da9	common_voice_ar_22620383.mp3	فَيَرفُكس	2	1				ar	Benchmark
fa9c220dd18b7a077dd8fb693995cf3dfc9e9edc61e89aa8561f2feeab0a22153877da9cf5ec294b6e894a8475977914cecbc788ba08baeba1ff7f0b10e89da9	common_voice_ar_22620384.mp3	ثلاثة	2	0				ar	Benchmark
fa9c220dd18b7a077dd8fb693995cf3dfc9e9edc61e89aa8561f2feeab0a22153877da9cf5ec294b6e894a8475977914cecbc788ba08baeba1ff7f0b10e89da9	common_voice_ar_22620391.mp3	ستة	2	1				ar	Benchmark
fa9c220dd18b7a077dd8fb693995cf3dfc9e9edc61e89aa8561f2feeab0a22153877da9cf5ec294b6e894a8475977914cecbc788ba08baeba1ff7f0b10e89da9	common_voice_ar_22620395.mp3	صفر	2	0				ar	Benchmark
dab082b1c0c05d92e7981c159cdf8cd12ebd03734f5c01bef422624525f2da2afdbe3fa1d440bf64253ad5040f4b68bf8d045619dee89c4afaa9f1aa3eaa6e68	common_voice_ar_23866865.mp3	سبعة	2	1				ar	Benchmark
dab082b1c0c05d92e7981c159cdf8cd12ebd03734f5c01bef422624525f2da2afdbe3fa1d440bf64253ad5040f4b68bf8d045619dee89c4afaa9f1aa3eaa6e68	common_voice_ar_23866869.mp3	واحد	2	1				ar	Benchmark
dab082b1c0c05d92e7981c159cdf8cd12ebd03734f5c01bef422624525f2da2afdbe3fa1d440bf64253ad5040f4b68bf8d045619dee89c4afaa9f1aa3eaa6e68	common_voice_ar_23866871.mp3	هَايْ	2	1				ar	Benchmark
dab082b1c0c05d92e7981c159cdf8cd12ebd03734f5c01bef422624525f2da2afdbe3fa1d440bf64253ad5040f4b68bf8d045619dee89c4afaa9f1aa3eaa6e68	common_voice_ar_23866875.mp3	لا	2	0				ar	Benchmark
dab082b1c0c05d92e7981c159cdf8cd12ebd03734f5c01bef422624525f2da2afdbe3fa1d440bf64253ad5040f4b68bf8d045619dee89c4afaa9f1aa3eaa6e68	common_voice_ar_23866876.mp3	نعم	2	0				ar	Benchmark
dab082b1c0c05d92e7981c159cdf8cd12ebd03734f5c01bef422624525f2da2afdbe3fa1d440bf64253ad5040f4b68bf8d045619dee89c4afaa9f1aa3eaa6e68	common_voice_ar_23866880.mp3	فَيَرفُكس	2	0				ar	Benchmark
dab082b1c0c05d92e7981c159cdf8cd12ebd03734f5c01bef422624525f2da2afdbe3fa1d440bf64253ad5040f4b68bf8d045619dee89c4afaa9f1aa3eaa6e68	common_voice_ar_23866881.mp3	تسعة	2	1				ar	Benchmark
21f0f57787119310e6bcdfb317c1969cc9615981438f2c081a6191e8b69b64072cb66477dbfe834fcdbe1d6c95851284d725916389fa2a380355cbcd1901cf40	common_voice_ar_23881382.mp3	أربعة	2	0	thirties	male		ar	Benchmark
21f0f57787119310e6bcdfb317c1969cc9615981438f2c081a6191e8b69b64072cb66477dbfe834fcdbe1d6c95851284d725916389fa2a380355cbcd1901cf40	common_voice_ar_23881383.mp3	سبعة	2	0	thirties	male		ar	Benchmark
21f0f57787119310e6bcdfb317c1969cc9615981438f2c081a6191e8b69b64072cb66477dbfe834fcdbe1d6c95851284d725916389fa2a380355cbcd1901cf40	common_voice_ar_23881385.mp3	نعم	2	0	thirties	male		ar	Benchmark
21f0f57787119310e6bcdfb317c1969cc9615981438f2c081a6191e8b69b64072cb66477dbfe834fcdbe1d6c95851284d725916389fa2a380355cbcd1901cf40	common_voice_ar_23891622.mp3	إثنان	2	0	thirties	male		ar	Benchmark
21f0f57787119310e6bcdfb317c1969cc9615981438f2c081a6191e8b69b64072cb66477dbfe834fcdbe1d6c95851284d725916389fa2a380355cbcd1901cf40	common_voice_ar_23891624.mp3	واحد	2	0	thirties	male		ar	Benchmark
21f0f57787119310e6bcdfb317c1969cc9615981438f2c081a6191e8b69b64072cb66477dbfe834fcdbe1d6c95851284d725916389fa2a380355cbcd1901cf40	common_voice_ar_23891625.mp3	تسعة	2	0	thirties	male		ar	Benchmark
21f0f57787119310e6bcdfb317c1969cc9615981438f2c081a6191e8b69b64072cb66477dbfe834fcdbe1d6c95851284d725916389fa2a380355cbcd1901cf40	common_voice_ar_23891627.mp3	ثمانية	2	0	thirties	male		ar	Benchmark
21f0f57787119310e6bcdfb317c1969cc9615981438f2c081a6191e8b69b64072cb66477dbfe834fcdbe1d6c95851284d725916389fa2a380355cbcd1901cf40	common_voice_ar_23891628.mp3	ستة	2	0	thirties	male		ar	Benchmark
9ca18a4dd475c67d1fd42df327f4de7c6c26744e4b95db8fcd73b732e815ac1fa79484d3cdd4dabc4154dd8fa0fcf7c7c2450af7bb3badc47bde822fc096acda	common_voice_ar_22085490.mp3	خمسة	2	0				ar	Benchmark
9ca18a4dd475c67d1fd42df327f4de7c6c26744e4b95db8fcd73b732e815ac1fa79484d3cdd4dabc4154dd8fa0fcf7c7c2450af7bb3badc47bde822fc096acda	common_voice_ar_22085495.mp3	ثلاثة	2	1				ar	Benchmark
9ca18a4dd475c67d1fd42df327f4de7c6c26744e4b95db8fcd73b732e815ac1fa79484d3cdd4dabc4154dd8fa0fcf7c7c2450af7bb3badc47bde822fc096acda	common_voice_ar_22085503.mp3	صفر	2	0				ar	Benchmark
9ca18a4dd475c67d1fd42df327f4de7c6c26744e4b95db8fcd73b732e815ac1fa79484d3cdd4dabc4154dd8fa0fcf7c7c2450af7bb3badc47bde822fc096acda	common_voice_ar_22085507.mp3	أربعة	2	0				ar	Benchmark
9ca18a4dd475c67d1fd42df327f4de7c6c26744e4b95db8fcd73b732e815ac1fa79484d3cdd4dabc4154dd8fa0fcf7c7c2450af7bb3badc47bde822fc096acda	common_voice_ar_22085512.mp3	واحد	2	0				ar	Benchmark
9ca18a4dd475c67d1fd42df327f4de7c6c26744e4b95db8fcd73b732e815ac1fa79484d3cdd4dabc4154dd8fa0fcf7c7c2450af7bb3badc47bde822fc096acda	common_voice_ar_22085571.mp3	فَيَرفُكس	2	0				ar	Benchmark
9ca18a4dd475c67d1fd42df327f4de7c6c26744e4b95db8fcd73b732e815ac1fa79484d3cdd4dabc4154dd8fa0fcf7c7c2450af7bb3badc47bde822fc096acda	common_voice_ar_22085584.mp3	نعم	2	0				ar	Benchmark
9ca18a4dd475c67d1fd42df327f4de7c6c26744e4b95db8fcd73b732e815ac1fa79484d3cdd4dabc4154dd8fa0fcf7c7c2450af7bb3badc47bde822fc096acda	common_voice_ar_22085585.mp3	لا	2	0				ar	Benchmark
52f2e1d9041005de52b2358225969a6e9d65e04e57512271060e0fa8a5bf5acaf55f6bb0bbbfb7c79eafabd7e2d520f4edfcec11c1d649010dacda0b489dba02	common_voice_ar_23865753.mp3	سبعة	2	1				ar	Benchmark
52f2e1d9041005de52b2358225969a6e9d65e04e57512271060e0fa8a5bf5acaf55f6bb0bbbfb7c79eafabd7e2d520f4edfcec11c1d649010dacda0b489dba02	common_voice_ar_23865756.mp3	نعم	2	0				ar	Benchmark
52f2e1d9041005de52b2358225969a6e9d65e04e57512271060e0fa8a5bf5acaf55f6bb0bbbfb7c79eafabd7e2d520f4edfcec11c1d649010dacda0b489dba02	common_voice_ar_23865758.mp3	فَيَرفُكس	2	1				ar	Benchmark
52f2e1d9041005de52b2358225969a6e9d65e04e57512271060e0fa8a5bf5acaf55f6bb0bbbfb7c79eafabd7e2d520f4edfcec11c1d649010dacda0b489dba02	common_voice_ar_23865759.mp3	خمسة	2	1				ar	Benchmark
52f2e1d9041005de52b2358225969a6e9d65e04e57512271060e0fa8a5bf5acaf55f6bb0bbbfb7c79eafabd7e2d520f4edfcec11c1d649010dacda0b489dba02	common_voice_ar_23865760.mp3	تسعة	2	0				ar	Benchmark
52f2e1d9041005de52b2358225969a6e9d65e04e57512271060e0fa8a5bf5acaf55f6bb0bbbfb7c79eafabd7e2d520f4edfcec11c1d649010dacda0b489dba02	common_voice_ar_23865761.mp3	صفر	2	1				ar	Benchmark
52f2e1d9041005de52b2358225969a6e9d65e04e57512271060e0fa8a5bf5acaf55f6bb0bbbfb7c79eafabd7e2d520f4edfcec11c1d649010dacda0b489dba02	common_voice_ar_23865762.mp3	ستة	2	0				ar	Benchmark
52f2e1d9041005de52b2358225969a6e9d65e04e57512271060e0fa8a5bf5acaf55f6bb0bbbfb7c79eafabd7e2d520f4edfcec11c1d649010dacda0b489dba02	common_voice_ar_23865763.mp3	أربعة	2	1				ar	Benchmark
52f2e1d9041005de52b2358225969a6e9d65e04e57512271060e0fa8a5bf5acaf55f6bb0bbbfb7c79eafabd7e2d520f4edfcec11c1d649010dacda0b489dba02	common_voice_ar_23865766.mp3	لا	2	0				ar	Benchmark
c2d27b65c84019f575e5261e3c533dcf1406d414c33b89dc3ccc47bb8e937b977fd8c0190026614458dc177b8738eed5e200cf595fd614cdc030d7797a56b79f	common_voice_ar_22033070.mp3	ثمانية	2	0				ar	Benchmark
c2d27b65c84019f575e5261e3c533dcf1406d414c33b89dc3ccc47bb8e937b977fd8c0190026614458dc177b8738eed5e200cf595fd614cdc030d7797a56b79f	common_voice_ar_22033073.mp3	تسعة	2	0				ar	Benchmark
c2d27b65c84019f575e5261e3c533dcf1406d414c33b89dc3ccc47bb8e937b977fd8c0190026614458dc177b8738eed5e200cf595fd614cdc030d7797a56b79f	common_voice_ar_22033075.mp3	فَيَرفُكس	2	0				ar	Benchmark
c2d27b65c84019f575e5261e3c533dcf1406d414c33b89dc3ccc47bb8e937b977fd8c0190026614458dc177b8738eed5e200cf595fd614cdc030d7797a56b79f	common_voice_ar_22033079.mp3	صفر	2	0				ar	Benchmark
c2d27b65c84019f575e5261e3c533dcf1406d414c33b89dc3ccc47bb8e937b977fd8c0190026614458dc177b8738eed5e200cf595fd614cdc030d7797a56b79f	common_voice_ar_22033121.mp3	أربعة	2	0				ar	Benchmark
c2d27b65c84019f575e5261e3c533dcf1406d414c33b89dc3ccc47bb8e937b977fd8c0190026614458dc177b8738eed5e200cf595fd614cdc030d7797a56b79f	common_voice_ar_22033125.mp3	إثنان	2	0				ar	Benchmark
c2d27b65c84019f575e5261e3c533dcf1406d414c33b89dc3ccc47bb8e937b977fd8c0190026614458dc177b8738eed5e200cf595fd614cdc030d7797a56b79f	common_voice_ar_22033128.mp3	سبعة	2	0				ar	Benchmark
c2d27b65c84019f575e5261e3c533dcf1406d414c33b89dc3ccc47bb8e937b977fd8c0190026614458dc177b8738eed5e200cf595fd614cdc030d7797a56b79f	common_voice_ar_22033133.mp3	خمسة	2	0				ar	Benchmark
c2d27b65c84019f575e5261e3c533dcf1406d414c33b89dc3ccc47bb8e937b977fd8c0190026614458dc177b8738eed5e200cf595fd614cdc030d7797a56b79f	common_voice_ar_22033134.mp3	ثلاثة	2	0				ar	Benchmark
1000926cc07fd57b18cc9b9cd364a44aedb1141149f2d6dc6f59d832e480f2e3b5a6a0301690952ef06934a70c5c98108678e12b777b5677b0bd76915d2679d3	common_voice_ar_22219715.mp3	صفر	2	0				ar	Benchmark
1000926cc07fd57b18cc9b9cd364a44aedb1141149f2d6dc6f59d832e480f2e3b5a6a0301690952ef06934a70c5c98108678e12b777b5677b0bd76915d2679d3	common_voice_ar_22219716.mp3	واحد	2	0				ar	Benchmark
1000926cc07fd57b18cc9b9cd364a44aedb1141149f2d6dc6f59d832e480f2e3b5a6a0301690952ef06934a70c5c98108678e12b777b5677b0bd76915d2679d3	common_voice_ar_22219717.mp3	ثلاثة	2	0				ar	Benchmark
1000926cc07fd57b18cc9b9cd364a44aedb1141149f2d6dc6f59d832e480f2e3b5a6a0301690952ef06934a70c5c98108678e12b777b5677b0bd76915d2679d3	common_voice_ar_22219718.mp3	هَايْ	2	0				ar	Benchmark
1000926cc07fd57b18cc9b9cd364a44aedb1141149f2d6dc6f59d832e480f2e3b5a6a0301690952ef06934a70c5c98108678e12b777b5677b0bd76915d2679d3	common_voice_ar_22219719.mp3	ثمانية	2	0				ar	Benchmark
1000926cc07fd57b18cc9b9cd364a44aedb1141149f2d6dc6f59d832e480f2e3b5a6a0301690952ef06934a70c5c98108678e12b777b5677b0bd76915d2679d3	common_voice_ar_22219742.mp3	أربعة	2	0				ar	Benchmark
1000926cc07fd57b18cc9b9cd364a44aedb1141149f2d6dc6f59d832e480f2e3b5a6a0301690952ef06934a70c5c98108678e12b777b5677b0bd76915d2679d3	common_voice_ar_22219744.mp3	إثنان	2	0				ar	Benchmark
1000926cc07fd57b18cc9b9cd364a44aedb1141149f2d6dc6f59d832e480f2e3b5a6a0301690952ef06934a70c5c98108678e12b777b5677b0bd76915d2679d3	common_voice_ar_22219747.mp3	فَيَرفُكس	2	1				ar	Benchmark
1000926cc07fd57b18cc9b9cd364a44aedb1141149f2d6dc6f59d832e480f2e3b5a6a0301690952ef06934a70c5c98108678e12b777b5677b0bd76915d2679d3	common_voice_ar_22219750.mp3	نعم	2	0				ar	Benchmark
1000926cc07fd57b18cc9b9cd364a44aedb1141149f2d6dc6f59d832e480f2e3b5a6a0301690952ef06934a70c5c98108678e12b777b5677b0bd76915d2679d3	common_voice_ar_22219751.mp3	خمسة	2	0				ar	Benchmark
2e97316dc0ec6cd16d9e92e3d17264b61a80b4b8d518c1a8e7c5d9fd184366e204ba520f287d92368e3d33826a45f22971ab88f839ce294a7e230bae8a8263d2	common_voice_ar_22219372.mp3	تسعة	2	0	twenties	male		ar	Benchmark
2e97316dc0ec6cd16d9e92e3d17264b61a80b4b8d518c1a8e7c5d9fd184366e204ba520f287d92368e3d33826a45f22971ab88f839ce294a7e230bae8a8263d2	common_voice_ar_22219375.mp3	نعم	2	1	twenties	male		ar	Benchmark
2e97316dc0ec6cd16d9e92e3d17264b61a80b4b8d518c1a8e7c5d9fd184366e204ba520f287d92368e3d33826a45f22971ab88f839ce294a7e230bae8a8263d2	common_voice_ar_22219377.mp3	ستة	2	0	twenties	male		ar	Benchmark
2e97316dc0ec6cd16d9e92e3d17264b61a80b4b8d518c1a8e7c5d9fd184366e204ba520f287d92368e3d33826a45f22971ab88f839ce294a7e230bae8a8263d2	common_voice_ar_22219378.mp3	هَايْ	2	0	twenties	male		ar	Benchmark
2e97316dc0ec6cd16d9e92e3d17264b61a80b4b8d518c1a8e7c5d9fd184366e204ba520f287d92368e3d33826a45f22971ab88f839ce294a7e230bae8a8263d2	common_voice_ar_22219379.mp3	صفر	2	0	twenties	male		ar	Benchmark
2e97316dc0ec6cd16d9e92e3d17264b61a80b4b8d518c1a8e7c5d9fd184366e204ba520f287d92368e3d33826a45f22971ab88f839ce294a7e230bae8a8263d2	common_voice_ar_22219417.mp3	إثنان	2	0	twenties	male		ar	Benchmark
2e97316dc0ec6cd16d9e92e3d17264b61a80b4b8d518c1a8e7c5d9fd184366e204ba520f287d92368e3d33826a45f22971ab88f839ce294a7e230bae8a8263d2	common_voice_ar_22219429.mp3	واحد	2	0	twenties	male		ar	Benchmark
2e97316dc0ec6cd16d9e92e3d17264b61a80b4b8d518c1a8e7c5d9fd184366e204ba520f287d92368e3d33826a45f22971ab88f839ce294a7e230bae8a8263d2	common_voice_ar_22219438.mp3	ثلاثة	2	0	twenties	male		ar	Benchmark
2e97316dc0ec6cd16d9e92e3d17264b61a80b4b8d518c1a8e7c5d9fd184366e204ba520f287d92368e3d33826a45f22971ab88f839ce294a7e230bae8a8263d2	common_voice_ar_22219443.mp3	خمسة	3	0	twenties	male		ar	Benchmark
2e97316dc0ec6cd16d9e92e3d17264b61a80b4b8d518c1a8e7c5d9fd184366e204ba520f287d92368e3d33826a45f22971ab88f839ce294a7e230bae8a8263d2	common_voice_ar_22219452.mp3	ثمانية	2	0	twenties	male		ar	Benchmark
30c01ff5a0a854e48b76a1f1fd5ec2766ff278de5bf10ee214574474fbdeabfd668c8b8c19e20bfa32c01899e5c98d1e9864a8b9658ad3e01789d59d2ec721ac	common_voice_ar_22700538.mp3	خمسة	2	0				ar	Benchmark
30c01ff5a0a854e48b76a1f1fd5ec2766ff278de5bf10ee214574474fbdeabfd668c8b8c19e20bfa32c01899e5c98d1e9864a8b9658ad3e01789d59d2ec721ac	common_voice_ar_22700540.mp3	واحد	2	0				ar	Benchmark
30c01ff5a0a854e48b76a1f1fd5ec2766ff278de5bf10ee214574474fbdeabfd668c8b8c19e20bfa32c01899e5c98d1e9864a8b9658ad3e01789d59d2ec721ac	common_voice_ar_22700541.mp3	ثلاثة	2	0				ar	Benchmark
30c01ff5a0a854e48b76a1f1fd5ec2766ff278de5bf10ee214574474fbdeabfd668c8b8c19e20bfa32c01899e5c98d1e9864a8b9658ad3e01789d59d2ec721ac	common_voice_ar_22700544.mp3	أربعة	2	0				ar	Benchmark
30c01ff5a0a854e48b76a1f1fd5ec2766ff278de5bf10ee214574474fbdeabfd668c8b8c19e20bfa32c01899e5c98d1e9864a8b9658ad3e01789d59d2ec721ac	common_voice_ar_22700545.mp3	نعم	2	0				ar	Benchmark
30c01ff5a0a854e48b76a1f1fd5ec2766ff278de5bf10ee214574474fbdeabfd668c8b8c19e20bfa32c01899e5c98d1e9864a8b9658ad3e01789d59d2ec721ac	common_voice_ar_22700558.mp3	سبعة	2	0				ar	Benchmark
30c01ff5a0a854e48b76a1f1fd5ec2766ff278de5bf10ee214574474fbdeabfd668c8b8c19e20bfa32c01899e5c98d1e9864a8b9658ad3e01789d59d2ec721ac	common_voice_ar_22700559.mp3	صفر	2	0				ar	Benchmark
30c01ff5a0a854e48b76a1f1fd5ec2766ff278de5bf10ee214574474fbdeabfd668c8b8c19e20bfa32c01899e5c98d1e9864a8b9658ad3e01789d59d2ec721ac	common_voice_ar_22700560.mp3	تسعة	2	0				ar	Benchmark
30c01ff5a0a854e48b76a1f1fd5ec2766ff278de5bf10ee214574474fbdeabfd668c8b8c19e20bfa32c01899e5c98d1e9864a8b9658ad3e01789d59d2ec721ac	common_voice_ar_22700561.mp3	ثمانية	2	0				ar	Benchmark
30c01ff5a0a854e48b76a1f1fd5ec2766ff278de5bf10ee214574474fbdeabfd668c8b8c19e20bfa32c01899e5c98d1e9864a8b9658ad3e01789d59d2ec721ac	common_voice_ar_22700562.mp3	هَايْ	2	0				ar	Benchmark
5f274d610b277146b52501ccf23c349c3b341f6f631b657cc2b2c852a6420943079fb960636d2f7acc6d27a005fb26ecf3ff94b350138abaab3be5c3977689dd	common_voice_ar_22099001.mp3	صفر	2	0				ar	Benchmark
5f274d610b277146b52501ccf23c349c3b341f6f631b657cc2b2c852a6420943079fb960636d2f7acc6d27a005fb26ecf3ff94b350138abaab3be5c3977689dd	common_voice_ar_22099002.mp3	ستة	2	0				ar	Benchmark
5f274d610b277146b52501ccf23c349c3b341f6f631b657cc2b2c852a6420943079fb960636d2f7acc6d27a005fb26ecf3ff94b350138abaab3be5c3977689dd	common_voice_ar_22099004.mp3	خمسة	2	0				ar	Benchmark
5f274d610b277146b52501ccf23c349c3b341f6f631b657cc2b2c852a6420943079fb960636d2f7acc6d27a005fb26ecf3ff94b350138abaab3be5c3977689dd	common_voice_ar_22099005.mp3	لا	2	0				ar	Benchmark
5f274d610b277146b52501ccf23c349c3b341f6f631b657cc2b2c852a6420943079fb960636d2f7acc6d27a005fb26ecf3ff94b350138abaab3be5c3977689dd	common_voice_ar_22099007.mp3	ثلاثة	2	0				ar	Benchmark
5f274d610b277146b52501ccf23c349c3b341f6f631b657cc2b2c852a6420943079fb960636d2f7acc6d27a005fb26ecf3ff94b350138abaab3be5c3977689dd	common_voice_ar_22099036.mp3	سبعة	2	0				ar	Benchmark
5f274d610b277146b52501ccf23c349c3b341f6f631b657cc2b2c852a6420943079fb960636d2f7acc6d27a005fb26ecf3ff94b350138abaab3be5c3977689dd	common_voice_ar_22099037.mp3	واحد	2	0				ar	Benchmark
5f274d610b277146b52501ccf23c349c3b341f6f631b657cc2b2c852a6420943079fb960636d2f7acc6d27a005fb26ecf3ff94b350138abaab3be5c3977689dd	common_voice_ar_22099038.mp3	هَايْ	2	1				ar	Benchmark
5f274d610b277146b52501ccf23c349c3b341f6f631b657cc2b2c852a6420943079fb960636d2f7acc6d27a005fb26ecf3ff94b350138abaab3be5c3977689dd	common_voice_ar_22099043.mp3	أربعة	2	0				ar	Benchmark
5f274d610b277146b52501ccf23c349c3b341f6f631b657cc2b2c852a6420943079fb960636d2f7acc6d27a005fb26ecf3ff94b350138abaab3be5c3977689dd	common_voice_ar_22099047.mp3	إثنان	2	0				ar	Benchmark
633330150b8791f6cb185767c39cb9129ef7aa6fc553e63ce5e369e43d897ac1bd5de47de7bb51c82565c77f59edb255c95d0a66d8c6078baccbeda7249b6ade	common_voice_ar_21896747.mp3	ثمانية	2	0				ar	Benchmark
633330150b8791f6cb185767c39cb9129ef7aa6fc553e63ce5e369e43d897ac1bd5de47de7bb51c82565c77f59edb255c95d0a66d8c6078baccbeda7249b6ade	common_voice_ar_21896748.mp3	هَايْ	2	0				ar	Benchmark
633330150b8791f6cb185767c39cb9129ef7aa6fc553e63ce5e369e43d897ac1bd5de47de7bb51c82565c77f59edb255c95d0a66d8c6078baccbeda7249b6ade	common_voice_ar_21896749.mp3	سبعة	2	0				ar	Benchmark
633330150b8791f6cb185767c39cb9129ef7aa6fc553e63ce5e369e43d897ac1bd5de47de7bb51c82565c77f59edb255c95d0a66d8c6078baccbeda7249b6ade	common_voice_ar_21896750.mp3	نعم	2	0				ar	Benchmark
633330150b8791f6cb185767c39cb9129ef7aa6fc553e63ce5e369e43d897ac1bd5de47de7bb51c82565c77f59edb255c95d0a66d8c6078baccbeda7249b6ade	common_voice_ar_21896751.mp3	صفر	2	1				ar	Benchmark
633330150b8791f6cb185767c39cb9129ef7aa6fc553e63ce5e369e43d897ac1bd5de47de7bb51c82565c77f59edb255c95d0a66d8c6078baccbeda7249b6ade	common_voice_ar_21896772.mp3	ثلاثة	2	0				ar	Benchmark
633330150b8791f6cb185767c39cb9129ef7aa6fc553e63ce5e369e43d897ac1bd5de47de7bb51c82565c77f59edb255c95d0a66d8c6078baccbeda7249b6ade	common_voice_ar_21896773.mp3	فَيَرفُكس	2	0				ar	Benchmark
633330150b8791f6cb185767c39cb9129ef7aa6fc553e63ce5e369e43d897ac1bd5de47de7bb51c82565c77f59edb255c95d0a66d8c6078baccbeda7249b6ade	common_voice_ar_21896774.mp3	إثنان	2	0				ar	Benchmark
633330150b8791f6cb185767c39cb9129ef7aa6fc553e63ce5e369e43d897ac1bd5de47de7bb51c82565c77f59edb255c95d0a66d8c6078baccbeda7249b6ade	common_voice_ar_21896775.mp3	أربعة	2	0				ar	Benchmark
633330150b8791f6cb185767c39cb9129ef7aa6fc553e63ce5e369e43d897ac1bd5de47de7bb51c82565c77f59edb255c95d0a66d8c6078baccbeda7249b6ade	common_voice_ar_21896776.mp3	تسعة	2	0				ar	Benchmark
2a62d2131296ab8bbccdb00e9487c5ad31ec395690e5a2835cfaf76c89af097f2b5bce1ed12d5e033935bc11bcac80d0579e2f80e06bdffe2648260c0faf344e	common_voice_ar_23871524.mp3	لا	2	0				ar	Benchmark
2a62d2131296ab8bbccdb00e9487c5ad31ec395690e5a2835cfaf76c89af097f2b5bce1ed12d5e033935bc11bcac80d0579e2f80e06bdffe2648260c0faf344e	common_voice_ar_23871525.mp3	ستة	2	0				ar	Benchmark
2a62d2131296ab8bbccdb00e9487c5ad31ec395690e5a2835cfaf76c89af097f2b5bce1ed12d5e033935bc11bcac80d0579e2f80e06bdffe2648260c0faf344e	common_voice_ar_23871527.mp3	صفر	2	1				ar	Benchmark
2a62d2131296ab8bbccdb00e9487c5ad31ec395690e5a2835cfaf76c89af097f2b5bce1ed12d5e033935bc11bcac80d0579e2f80e06bdffe2648260c0faf344e	common_voice_ar_23871528.mp3	سبعة	2	1				ar	Benchmark
2a62d2131296ab8bbccdb00e9487c5ad31ec395690e5a2835cfaf76c89af097f2b5bce1ed12d5e033935bc11bcac80d0579e2f80e06bdffe2648260c0faf344e	common_voice_ar_23871537.mp3	أربعة	2	0				ar	Benchmark
2a62d2131296ab8bbccdb00e9487c5ad31ec395690e5a2835cfaf76c89af097f2b5bce1ed12d5e033935bc11bcac80d0579e2f80e06bdffe2648260c0faf344e	common_voice_ar_23871540.mp3	فَيَرفُكس	2	0				ar	Benchmark
2a62d2131296ab8bbccdb00e9487c5ad31ec395690e5a2835cfaf76c89af097f2b5bce1ed12d5e033935bc11bcac80d0579e2f80e06bdffe2648260c0faf344e	common_voice_ar_23871541.mp3	إثنان	2	0				ar	Benchmark
2a62d2131296ab8bbccdb00e9487c5ad31ec395690e5a2835cfaf76c89af097f2b5bce1ed12d5e033935bc11bcac80d0579e2f80e06bdffe2648260c0faf344e	common_voice_ar_23871542.mp3	خمسة	2	1				ar	Benchmark
2a62d2131296ab8bbccdb00e9487c5ad31ec395690e5a2835cfaf76c89af097f2b5bce1ed12d5e033935bc11bcac80d0579e2f80e06bdffe2648260c0faf344e	common_voice_ar_23871543.mp3	واحد	2	0				ar	Benchmark
2a62d2131296ab8bbccdb00e9487c5ad31ec395690e5a2835cfaf76c89af097f2b5bce1ed12d5e033935bc11bcac80d0579e2f80e06bdffe2648260c0faf344e	common_voice_ar_23871544.mp3	نعم	2	0				ar	Benchmark
2a62d2131296ab8bbccdb00e9487c5ad31ec395690e5a2835cfaf76c89af097f2b5bce1ed12d5e033935bc11bcac80d0579e2f80e06bdffe2648260c0faf344e	common_voice_ar_23871545.mp3	ثمانية	2	0				ar	Benchmark
da9756111883d1edcee60940cf53093379c6a34d25f54029b6014aac157cbee392438cf06468b0bf7797a549283ab1cee5ab13952bd00cba94d2076341c78c2b	common_voice_ar_23867282.mp3	ثلاثة	2	0				ar	Benchmark
da9756111883d1edcee60940cf53093379c6a34d25f54029b6014aac157cbee392438cf06468b0bf7797a549283ab1cee5ab13952bd00cba94d2076341c78c2b	common_voice_ar_23867286.mp3	هَايْ	2	0				ar	Benchmark
da9756111883d1edcee60940cf53093379c6a34d25f54029b6014aac157cbee392438cf06468b0bf7797a549283ab1cee5ab13952bd00cba94d2076341c78c2b	common_voice_ar_23867287.mp3	سبعة	2	1				ar	Benchmark
da9756111883d1edcee60940cf53093379c6a34d25f54029b6014aac157cbee392438cf06468b0bf7797a549283ab1cee5ab13952bd00cba94d2076341c78c2b	common_voice_ar_23867293.mp3	صفر	2	0				ar	Benchmark
da9756111883d1edcee60940cf53093379c6a34d25f54029b6014aac157cbee392438cf06468b0bf7797a549283ab1cee5ab13952bd00cba94d2076341c78c2b	common_voice_ar_23867294.mp3	ستة	2	0				ar	Benchmark
da9756111883d1edcee60940cf53093379c6a34d25f54029b6014aac157cbee392438cf06468b0bf7797a549283ab1cee5ab13952bd00cba94d2076341c78c2b	common_voice_ar_23867295.mp3	خمسة	2	1				ar	Benchmark
da9756111883d1edcee60940cf53093379c6a34d25f54029b6014aac157cbee392438cf06468b0bf7797a549283ab1cee5ab13952bd00cba94d2076341c78c2b	common_voice_ar_23867296.mp3	نعم	2	0				ar	Benchmark
da9756111883d1edcee60940cf53093379c6a34d25f54029b6014aac157cbee392438cf06468b0bf7797a549283ab1cee5ab13952bd00cba94d2076341c78c2b	common_voice_ar_23867297.mp3	إثنان	2	0				ar	Benchmark
da9756111883d1edcee60940cf53093379c6a34d25f54029b6014aac157cbee392438cf06468b0bf7797a549283ab1cee5ab13952bd00cba94d2076341c78c2b	common_voice_ar_23867303.mp3	ثمانية	2	1				ar	Benchmark
da9756111883d1edcee60940cf53093379c6a34d25f54029b6014aac157cbee392438cf06468b0bf7797a549283ab1cee5ab13952bd00cba94d2076341c78c2b	common_voice_ar_23867305.mp3	تسعة	2	0				ar	Benchmark
da9756111883d1edcee60940cf53093379c6a34d25f54029b6014aac157cbee392438cf06468b0bf7797a549283ab1cee5ab13952bd00cba94d2076341c78c2b	common_voice_ar_23867306.mp3	فَيَرفُكس	2	0				ar	Benchmark
00aa2e53773648ef7d61ab4a5908f5fd96521908e5bfcdea445463ca8c77278c2fce88211c8362ed4edd6a91f6f0f28ac8cb87843a98120215116539a4574f69	common_voice_ar_22354394.mp3	واحد	2	0				ar	Benchmark
00aa2e53773648ef7d61ab4a5908f5fd96521908e5bfcdea445463ca8c77278c2fce88211c8362ed4edd6a91f6f0f28ac8cb87843a98120215116539a4574f69	common_voice_ar_22354395.mp3	ستة	2	0				ar	Benchmark
00aa2e53773648ef7d61ab4a5908f5fd96521908e5bfcdea445463ca8c77278c2fce88211c8362ed4edd6a91f6f0f28ac8cb87843a98120215116539a4574f69	common_voice_ar_22354396.mp3	تسعة	2	0				ar	Benchmark
00aa2e53773648ef7d61ab4a5908f5fd96521908e5bfcdea445463ca8c77278c2fce88211c8362ed4edd6a91f6f0f28ac8cb87843a98120215116539a4574f69	common_voice_ar_22354397.mp3	صفر	2	0				ar	Benchmark
00aa2e53773648ef7d61ab4a5908f5fd96521908e5bfcdea445463ca8c77278c2fce88211c8362ed4edd6a91f6f0f28ac8cb87843a98120215116539a4574f69	common_voice_ar_22354398.mp3	هَايْ	2	0				ar	Benchmark
00aa2e53773648ef7d61ab4a5908f5fd96521908e5bfcdea445463ca8c77278c2fce88211c8362ed4edd6a91f6f0f28ac8cb87843a98120215116539a4574f69	common_voice_ar_22354409.mp3	نعم	2	1				ar	Benchmark
00aa2e53773648ef7d61ab4a5908f5fd96521908e5bfcdea445463ca8c77278c2fce88211c8362ed4edd6a91f6f0f28ac8cb87843a98120215116539a4574f69	common_voice_ar_22354410.mp3	ثلاثة	2	1				ar	Benchmark
00aa2e53773648ef7d61ab4a5908f5fd96521908e5bfcdea445463ca8c77278c2fce88211c8362ed4edd6a91f6f0f28ac8cb87843a98120215116539a4574f69	common_voice_ar_22354411.mp3	لا	2	0				ar	Benchmark
00aa2e53773648ef7d61ab4a5908f5fd96521908e5bfcdea445463ca8c77278c2fce88211c8362ed4edd6a91f6f0f28ac8cb87843a98120215116539a4574f69	common_voice_ar_22354413.mp3	أربعة	2	1				ar	Benchmark
00aa2e53773648ef7d61ab4a5908f5fd96521908e5bfcdea445463ca8c77278c2fce88211c8362ed4edd6a91f6f0f28ac8cb87843a98120215116539a4574f69	common_voice_ar_22354415.mp3	خمسة	2	0				ar	Benchmark
00aa2e53773648ef7d61ab4a5908f5fd96521908e5bfcdea445463ca8c77278c2fce88211c8362ed4edd6a91f6f0f28ac8cb87843a98120215116539a4574f69	common_voice_ar_22354416.mp3	ثمانية	2	0				ar	Benchmark
00aa2e53773648ef7d61ab4a5908f5fd96521908e5bfcdea445463ca8c77278c2fce88211c8362ed4edd6a91f6f0f28ac8cb87843a98120215116539a4574f69	common_voice_ar_22354417.mp3	سبعة	2	0				ar	Benchmark
28b47c1f0aee73c91ccad3b2b252e69f92bdde027aa68881f141d639392779f3bc4a0bfade18ffed8f9f504587d67e76fba6270673b8314201674a246ae46de0	common_voice_ar_23873429.mp3	خمسة	2	0				ar	Benchmark
28b47c1f0aee73c91ccad3b2b252e69f92bdde027aa68881f141d639392779f3bc4a0bfade18ffed8f9f504587d67e76fba6270673b8314201674a246ae46de0	common_voice_ar_23873430.mp3	أربعة	2	0				ar	Benchmark
28b47c1f0aee73c91ccad3b2b252e69f92bdde027aa68881f141d639392779f3bc4a0bfade18ffed8f9f504587d67e76fba6270673b8314201674a246ae46de0	common_voice_ar_23873431.mp3	لا	2	0				ar	Benchmark
28b47c1f0aee73c91ccad3b2b252e69f92bdde027aa68881f141d639392779f3bc4a0bfade18ffed8f9f504587d67e76fba6270673b8314201674a246ae46de0	common_voice_ar_23873432.mp3	نعم	2	0				ar	Benchmark
28b47c1f0aee73c91ccad3b2b252e69f92bdde027aa68881f141d639392779f3bc4a0bfade18ffed8f9f504587d67e76fba6270673b8314201674a246ae46de0	common_voice_ar_23873433.mp3	صفر	2	0				ar	Benchmark
28b47c1f0aee73c91ccad3b2b252e69f92bdde027aa68881f141d639392779f3bc4a0bfade18ffed8f9f504587d67e76fba6270673b8314201674a246ae46de0	common_voice_ar_23873434.mp3	فَيَرفُكس	2	0				ar	Benchmark
28b47c1f0aee73c91ccad3b2b252e69f92bdde027aa68881f141d639392779f3bc4a0bfade18ffed8f9f504587d67e76fba6270673b8314201674a246ae46de0	common_voice_ar_23873435.mp3	ستة	2	0				ar	Benchmark
28b47c1f0aee73c91ccad3b2b252e69f92bdde027aa68881f141d639392779f3bc4a0bfade18ffed8f9f504587d67e76fba6270673b8314201674a246ae46de0	common_voice_ar_23873436.mp3	إثنان	2	0				ar	Benchmark
28b47c1f0aee73c91ccad3b2b252e69f92bdde027aa68881f141d639392779f3bc4a0bfade18ffed8f9f504587d67e76fba6270673b8314201674a246ae46de0	common_voice_ar_23873437.mp3	تسعة	2	0				ar	Benchmark
28b47c1f0aee73c91ccad3b2b252e69f92bdde027aa68881f141d639392779f3bc4a0bfade18ffed8f9f504587d67e76fba6270673b8314201674a246ae46de0	common_voice_ar_23873445.mp3	واحد	2	0				ar	Benchmark
28b47c1f0aee73c91ccad3b2b252e69f92bdde027aa68881f141d639392779f3bc4a0bfade18ffed8f9f504587d67e76fba6270673b8314201674a246ae46de0	common_voice_ar_23873446.mp3	ثمانية	2	0				ar	Benchmark
28b47c1f0aee73c91ccad3b2b252e69f92bdde027aa68881f141d639392779f3bc4a0bfade18ffed8f9f504587d67e76fba6270673b8314201674a246ae46de0	common_voice_ar_23873447.mp3	سبعة	2	0				ar	Benchmark
3e0431810ca245e246df0237e58e54809149c2886d159e10b355877255763fe5aef841c6a7fc0c1810d9bfe8c57bdcf1a7bf8cfd1ad308aac3792d3bd802dff8	common_voice_ar_23871530.mp3	فَيَرفُكس	2	0				ar	Benchmark
3e0431810ca245e246df0237e58e54809149c2886d159e10b355877255763fe5aef841c6a7fc0c1810d9bfe8c57bdcf1a7bf8cfd1ad308aac3792d3bd802dff8	common_voice_ar_23871531.mp3	ثمانية	2	0				ar	Benchmark
3e0431810ca245e246df0237e58e54809149c2886d159e10b355877255763fe5aef841c6a7fc0c1810d9bfe8c57bdcf1a7bf8cfd1ad308aac3792d3bd802dff8	common_voice_ar_23871532.mp3	نعم	2	0				ar	Benchmark
3e0431810ca245e246df0237e58e54809149c2886d159e10b355877255763fe5aef841c6a7fc0c1810d9bfe8c57bdcf1a7bf8cfd1ad308aac3792d3bd802dff8	common_voice_ar_23871533.mp3	صفر	2	0				ar	Benchmark
3e0431810ca245e246df0237e58e54809149c2886d159e10b355877255763fe5aef841c6a7fc0c1810d9bfe8c57bdcf1a7bf8cfd1ad308aac3792d3bd802dff8	common_voice_ar_23871534.mp3	أربعة	2	0				ar	Benchmark
3e0431810ca245e246df0237e58e54809149c2886d159e10b355877255763fe5aef841c6a7fc0c1810d9bfe8c57bdcf1a7bf8cfd1ad308aac3792d3bd802dff8	common_voice_ar_23871568.mp3	خمسة	2	0				ar	Benchmark
3e0431810ca245e246df0237e58e54809149c2886d159e10b355877255763fe5aef841c6a7fc0c1810d9bfe8c57bdcf1a7bf8cfd1ad308aac3792d3bd802dff8	common_voice_ar_23871570.mp3	لا	2	0				ar	Benchmark
3e0431810ca245e246df0237e58e54809149c2886d159e10b355877255763fe5aef841c6a7fc0c1810d9bfe8c57bdcf1a7bf8cfd1ad308aac3792d3bd802dff8	common_voice_ar_23871571.mp3	تسعة	2	0				ar	Benchmark
3e0431810ca245e246df0237e58e54809149c2886d159e10b355877255763fe5aef841c6a7fc0c1810d9bfe8c57bdcf1a7bf8cfd1ad308aac3792d3bd802dff8	common_voice_ar_23871572.mp3	إثنان	2	0				ar	Benchmark
3e0431810ca245e246df0237e58e54809149c2886d159e10b355877255763fe5aef841c6a7fc0c1810d9bfe8c57bdcf1a7bf8cfd1ad308aac3792d3bd802dff8	common_voice_ar_23871573.mp3	سبعة	2	0				ar	Benchmark
3e0431810ca245e246df0237e58e54809149c2886d159e10b355877255763fe5aef841c6a7fc0c1810d9bfe8c57bdcf1a7bf8cfd1ad308aac3792d3bd802dff8	common_voice_ar_23871574.mp3	واحد	2	0				ar	Benchmark
3e0431810ca245e246df0237e58e54809149c2886d159e10b355877255763fe5aef841c6a7fc0c1810d9bfe8c57bdcf1a7bf8cfd1ad308aac3792d3bd802dff8	common_voice_ar_23871575.mp3	ستة	2	0				ar	Benchmark
5e7825692cbd4ec719bd37d5fb4d216df6e3e06b2382f0e01fe8ed4857401864ddaefe580cdd1b40c525dde7aeb8fa85617946811c216e76e3266743096e9b16	common_voice_ar_22178293.mp3	خمسة	2	0	fifties	male		ar	Benchmark
5e7825692cbd4ec719bd37d5fb4d216df6e3e06b2382f0e01fe8ed4857401864ddaefe580cdd1b40c525dde7aeb8fa85617946811c216e76e3266743096e9b16	common_voice_ar_22178296.mp3	نعم	2	0	fifties	male		ar	Benchmark
5e7825692cbd4ec719bd37d5fb4d216df6e3e06b2382f0e01fe8ed4857401864ddaefe580cdd1b40c525dde7aeb8fa85617946811c216e76e3266743096e9b16	common_voice_ar_22178299.mp3	إثنان	2	0	fifties	male		ar	Benchmark
5e7825692cbd4ec719bd37d5fb4d216df6e3e06b2382f0e01fe8ed4857401864ddaefe580cdd1b40c525dde7aeb8fa85617946811c216e76e3266743096e9b16	common_voice_ar_22178304.mp3	تسعة	2	0	fifties	male		ar	Benchmark
5e7825692cbd4ec719bd37d5fb4d216df6e3e06b2382f0e01fe8ed4857401864ddaefe580cdd1b40c525dde7aeb8fa85617946811c216e76e3266743096e9b16	common_voice_ar_22178334.mp3	صفر	2	0	fifties	male		ar	Benchmark
5e7825692cbd4ec719bd37d5fb4d216df6e3e06b2382f0e01fe8ed4857401864ddaefe580cdd1b40c525dde7aeb8fa85617946811c216e76e3266743096e9b16	common_voice_ar_22178336.mp3	فَيَرفُكس	2	0	fifties	male		ar	Benchmark
5e7825692cbd4ec719bd37d5fb4d216df6e3e06b2382f0e01fe8ed4857401864ddaefe580cdd1b40c525dde7aeb8fa85617946811c216e76e3266743096e9b16	common_voice_ar_22178338.mp3	ثمانية	2	0	fifties	male		ar	Benchmark
5e7825692cbd4ec719bd37d5fb4d216df6e3e06b2382f0e01fe8ed4857401864ddaefe580cdd1b40c525dde7aeb8fa85617946811c216e76e3266743096e9b16	common_voice_ar_22178340.mp3	أربعة	2	0	fifties	male		ar	Benchmark
5e7825692cbd4ec719bd37d5fb4d216df6e3e06b2382f0e01fe8ed4857401864ddaefe580cdd1b40c525dde7aeb8fa85617946811c216e76e3266743096e9b16	common_voice_ar_22178342.mp3	سبعة	2	0	fifties	male		ar	Benchmark
5e7825692cbd4ec719bd37d5fb4d216df6e3e06b2382f0e01fe8ed4857401864ddaefe580cdd1b40c525dde7aeb8fa85617946811c216e76e3266743096e9b16	common_voice_ar_22178363.mp3	ثلاثة	2	0	fifties	male		ar	Benchmark
5e7825692cbd4ec719bd37d5fb4d216df6e3e06b2382f0e01fe8ed4857401864ddaefe580cdd1b40c525dde7aeb8fa85617946811c216e76e3266743096e9b16	common_voice_ar_22178367.mp3	لا	2	0	fifties	male		ar	Benchmark
5e7825692cbd4ec719bd37d5fb4d216df6e3e06b2382f0e01fe8ed4857401864ddaefe580cdd1b40c525dde7aeb8fa85617946811c216e76e3266743096e9b16	common_voice_ar_22178370.mp3	ستة	2	0	fifties	male		ar	Benchmark
30c6339b4ba1219f77abdc94af70f3413a75f1b38cab436eede299443cfaa623f5a92e21e05bb6197ce952015c80206ed94446a1fa1f2c4ad91692d5d9410774	common_voice_ar_22188662.mp3	لا	2	0	fourties	male		ar	Benchmark
30c6339b4ba1219f77abdc94af70f3413a75f1b38cab436eede299443cfaa623f5a92e21e05bb6197ce952015c80206ed94446a1fa1f2c4ad91692d5d9410774	common_voice_ar_22188665.mp3	واحد	2	1	fourties	male		ar	Benchmark
30c6339b4ba1219f77abdc94af70f3413a75f1b38cab436eede299443cfaa623f5a92e21e05bb6197ce952015c80206ed94446a1fa1f2c4ad91692d5d9410774	common_voice_ar_22188667.mp3	أربعة	2	1	fourties	male		ar	Benchmark
30c6339b4ba1219f77abdc94af70f3413a75f1b38cab436eede299443cfaa623f5a92e21e05bb6197ce952015c80206ed94446a1fa1f2c4ad91692d5d9410774	common_voice_ar_22188670.mp3	فَيَرفُكس	2	0	fourties	male		ar	Benchmark
30c6339b4ba1219f77abdc94af70f3413a75f1b38cab436eede299443cfaa623f5a92e21e05bb6197ce952015c80206ed94446a1fa1f2c4ad91692d5d9410774	common_voice_ar_22188695.mp3	سبعة	2	0	fourties	male		ar	Benchmark
30c6339b4ba1219f77abdc94af70f3413a75f1b38cab436eede299443cfaa623f5a92e21e05bb6197ce952015c80206ed94446a1fa1f2c4ad91692d5d9410774	common_voice_ar_22188697.mp3	ثلاثة	2	0	fourties	male		ar	Benchmark
30c6339b4ba1219f77abdc94af70f3413a75f1b38cab436eede299443cfaa623f5a92e21e05bb6197ce952015c80206ed94446a1fa1f2c4ad91692d5d9410774	common_voice_ar_22188698.mp3	إثنان	2	0	fourties	male		ar	Benchmark
30c6339b4ba1219f77abdc94af70f3413a75f1b38cab436eede299443cfaa623f5a92e21e05bb6197ce952015c80206ed94446a1fa1f2c4ad91692d5d9410774	common_voice_ar_22188700.mp3	خمسة	2	0	fourties	male		ar	Benchmark
30c6339b4ba1219f77abdc94af70f3413a75f1b38cab436eede299443cfaa623f5a92e21e05bb6197ce952015c80206ed94446a1fa1f2c4ad91692d5d9410774	common_voice_ar_22188703.mp3	هَايْ	2	1	fourties	male		ar	Benchmark
30c6339b4ba1219f77abdc94af70f3413a75f1b38cab436eede299443cfaa623f5a92e21e05bb6197ce952015c80206ed94446a1fa1f2c4ad91692d5d9410774	common_voice_ar_22188733.mp3	تسعة	2	0	fourties	male		ar	Benchmark
30c6339b4ba1219f77abdc94af70f3413a75f1b38cab436eede299443cfaa623f5a92e21e05bb6197ce952015c80206ed94446a1fa1f2c4ad91692d5d9410774	common_voice_ar_22188734.mp3	صفر	2	0	fourties	male		ar	Benchmark
30c6339b4ba1219f77abdc94af70f3413a75f1b38cab436eede299443cfaa623f5a92e21e05bb6197ce952015c80206ed94446a1fa1f2c4ad91692d5d9410774	common_voice_ar_22188737.mp3	نعم	2	0	fourties	male		ar	Benchmark
30c6339b4ba1219f77abdc94af70f3413a75f1b38cab436eede299443cfaa623f5a92e21e05bb6197ce952015c80206ed94446a1fa1f2c4ad91692d5d9410774	common_voice_ar_22188738.mp3	ثمانية	2	0	fourties	male		ar	Benchmark
ce9c5b07c372ff75d0a06accf5761186cbfc9f20dbdfe997d537fc2bb4adebb4e9cdc7f009986a3be4cfe0db70c12480c6b84ff607559e753a134c90b06eda3b	common_voice_ar_22681989.mp3	صفر	2	1	twenties	male		ar	Benchmark
ce9c5b07c372ff75d0a06accf5761186cbfc9f20dbdfe997d537fc2bb4adebb4e9cdc7f009986a3be4cfe0db70c12480c6b84ff607559e753a134c90b06eda3b	common_voice_ar_22681990.mp3	تسعة	2	0	twenties	male		ar	Benchmark
ce9c5b07c372ff75d0a06accf5761186cbfc9f20dbdfe997d537fc2bb4adebb4e9cdc7f009986a3be4cfe0db70c12480c6b84ff607559e753a134c90b06eda3b	common_voice_ar_22681991.mp3	ثلاثة	2	0	twenties	male		ar	Benchmark
ce9c5b07c372ff75d0a06accf5761186cbfc9f20dbdfe997d537fc2bb4adebb4e9cdc7f009986a3be4cfe0db70c12480c6b84ff607559e753a134c90b06eda3b	common_voice_ar_22681992.mp3	إثنان	2	0	twenties	male		ar	Benchmark
ce9c5b07c372ff75d0a06accf5761186cbfc9f20dbdfe997d537fc2bb4adebb4e9cdc7f009986a3be4cfe0db70c12480c6b84ff607559e753a134c90b06eda3b	common_voice_ar_22682027.mp3	نعم	2	0	twenties	male		ar	Benchmark
ce9c5b07c372ff75d0a06accf5761186cbfc9f20dbdfe997d537fc2bb4adebb4e9cdc7f009986a3be4cfe0db70c12480c6b84ff607559e753a134c90b06eda3b	common_voice_ar_22682029.mp3	واحد	2	0	twenties	male		ar	Benchmark
ce9c5b07c372ff75d0a06accf5761186cbfc9f20dbdfe997d537fc2bb4adebb4e9cdc7f009986a3be4cfe0db70c12480c6b84ff607559e753a134c90b06eda3b	common_voice_ar_22682030.mp3	ستة	2	0	twenties	male		ar	Benchmark
ce9c5b07c372ff75d0a06accf5761186cbfc9f20dbdfe997d537fc2bb4adebb4e9cdc7f009986a3be4cfe0db70c12480c6b84ff607559e753a134c90b06eda3b	common_voice_ar_22682031.mp3	ثمانية	2	0	twenties	male		ar	Benchmark
ce9c5b07c372ff75d0a06accf5761186cbfc9f20dbdfe997d537fc2bb4adebb4e9cdc7f009986a3be4cfe0db70c12480c6b84ff607559e753a134c90b06eda3b	common_voice_ar_22682032.mp3	سبعة	2	0	twenties	male		ar	Benchmark
ce9c5b07c372ff75d0a06accf5761186cbfc9f20dbdfe997d537fc2bb4adebb4e9cdc7f009986a3be4cfe0db70c12480c6b84ff607559e753a134c90b06eda3b	common_voice_ar_22682039.mp3	فَيَرفُكس	2	0	twenties	male		ar	Benchmark
ce9c5b07c372ff75d0a06accf5761186cbfc9f20dbdfe997d537fc2bb4adebb4e9cdc7f009986a3be4cfe0db70c12480c6b84ff607559e753a134c90b06eda3b	common_voice_ar_22682041.mp3	لا	2	0	twenties	male		ar	Benchmark
ce9c5b07c372ff75d0a06accf5761186cbfc9f20dbdfe997d537fc2bb4adebb4e9cdc7f009986a3be4cfe0db70c12480c6b84ff607559e753a134c90b06eda3b	common_voice_ar_22682042.mp3	أربعة	2	0	twenties	male		ar	Benchmark
ce9c5b07c372ff75d0a06accf5761186cbfc9f20dbdfe997d537fc2bb4adebb4e9cdc7f009986a3be4cfe0db70c12480c6b84ff607559e753a134c90b06eda3b	common_voice_ar_22682043.mp3	خمسة	2	1	twenties	male		ar	Benchmark
e90cc4f36d28885a60f0b0d7a43914e0af88d3ff5cb7600ef529b366b10cecebf6287ba18fda0b4e7a602a46dc4a7e5ae2063e80e7edf3f8e022b84c7b57ebb5	common_voice_ar_22194799.mp3	لا	2	0	twenties	male		ar	Benchmark
e90cc4f36d28885a60f0b0d7a43914e0af88d3ff5cb7600ef529b366b10cecebf6287ba18fda0b4e7a602a46dc4a7e5ae2063e80e7edf3f8e022b84c7b57ebb5	common_voice_ar_22194826.mp3	واحد	2	0	twenties	male		ar	Benchmark
e90cc4f36d28885a60f0b0d7a43914e0af88d3ff5cb7600ef529b366b10cecebf6287ba18fda0b4e7a602a46dc4a7e5ae2063e80e7edf3f8e022b84c7b57ebb5	common_voice_ar_22194827.mp3	ستة	2	0	twenties	male		ar	Benchmark
e90cc4f36d28885a60f0b0d7a43914e0af88d3ff5cb7600ef529b366b10cecebf6287ba18fda0b4e7a602a46dc4a7e5ae2063e80e7edf3f8e022b84c7b57ebb5	common_voice_ar_22194829.mp3	ثمانية	2	1	twenties	male		ar	Benchmark
e90cc4f36d28885a60f0b0d7a43914e0af88d3ff5cb7600ef529b366b10cecebf6287ba18fda0b4e7a602a46dc4a7e5ae2063e80e7edf3f8e022b84c7b57ebb5	common_voice_ar_22194848.mp3	صفر	2	1	twenties	male		ar	Benchmark
e90cc4f36d28885a60f0b0d7a43914e0af88d3ff5cb7600ef529b366b10cecebf6287ba18fda0b4e7a602a46dc4a7e5ae2063e80e7edf3f8e022b84c7b57ebb5	common_voice_ar_22194849.mp3	تسعة	2	0	twenties	male		ar	Benchmark
e90cc4f36d28885a60f0b0d7a43914e0af88d3ff5cb7600ef529b366b10cecebf6287ba18fda0b4e7a602a46dc4a7e5ae2063e80e7edf3f8e022b84c7b57ebb5	common_voice_ar_22194850.mp3	نعم	2	0	twenties	male		ar	Benchmark
e90cc4f36d28885a60f0b0d7a43914e0af88d3ff5cb7600ef529b366b10cecebf6287ba18fda0b4e7a602a46dc4a7e5ae2063e80e7edf3f8e022b84c7b57ebb5	common_voice_ar_22194851.mp3	هَايْ	2	0	twenties	male		ar	Benchmark
e90cc4f36d28885a60f0b0d7a43914e0af88d3ff5cb7600ef529b366b10cecebf6287ba18fda0b4e7a602a46dc4a7e5ae2063e80e7edf3f8e022b84c7b57ebb5	common_voice_ar_22194852.mp3	فَيَرفُكس	2	0	twenties	male		ar	Benchmark
e90cc4f36d28885a60f0b0d7a43914e0af88d3ff5cb7600ef529b366b10cecebf6287ba18fda0b4e7a602a46dc4a7e5ae2063e80e7edf3f8e022b84c7b57ebb5	common_voice_ar_22194854.mp3	خمسة	2	0	twenties	male		ar	Benchmark
e90cc4f36d28885a60f0b0d7a43914e0af88d3ff5cb7600ef529b366b10cecebf6287ba18fda0b4e7a602a46dc4a7e5ae2063e80e7edf3f8e022b84c7b57ebb5	common_voice_ar_22194857.mp3	ثلاثة	2	1	twenties	male		ar	Benchmark
e90cc4f36d28885a60f0b0d7a43914e0af88d3ff5cb7600ef529b366b10cecebf6287ba18fda0b4e7a602a46dc4a7e5ae2063e80e7edf3f8e022b84c7b57ebb5	common_voice_ar_22194863.mp3	سبعة	2	1	twenties	male		ar	Benchmark
e90cc4f36d28885a60f0b0d7a43914e0af88d3ff5cb7600ef529b366b10cecebf6287ba18fda0b4e7a602a46dc4a7e5ae2063e80e7edf3f8e022b84c7b57ebb5	common_voice_ar_22194865.mp3	أربعة	2	1	twenties	male		ar	Benchmark
12266ce471d445ebc9a7b937a8dd7a2f10083ce10dcc62ed20c9c6d065199f3ab1cbf4d8435fc072e347641e9b599e6630b7c6a8ed741191c0d10ddd0babe1cf	common_voice_ar_22066805.mp3	ستة	2	0	teens	male		ar	Benchmark
12266ce471d445ebc9a7b937a8dd7a2f10083ce10dcc62ed20c9c6d065199f3ab1cbf4d8435fc072e347641e9b599e6630b7c6a8ed741191c0d10ddd0babe1cf	common_voice_ar_22066806.mp3	تسعة	2	0	teens	male		ar	Benchmark
12266ce471d445ebc9a7b937a8dd7a2f10083ce10dcc62ed20c9c6d065199f3ab1cbf4d8435fc072e347641e9b599e6630b7c6a8ed741191c0d10ddd0babe1cf	common_voice_ar_22066807.mp3	سبعة	2	0	teens	male		ar	Benchmark
12266ce471d445ebc9a7b937a8dd7a2f10083ce10dcc62ed20c9c6d065199f3ab1cbf4d8435fc072e347641e9b599e6630b7c6a8ed741191c0d10ddd0babe1cf	common_voice_ar_22066808.mp3	فَيَرفُكس	2	1	teens	male		ar	Benchmark
12266ce471d445ebc9a7b937a8dd7a2f10083ce10dcc62ed20c9c6d065199f3ab1cbf4d8435fc072e347641e9b599e6630b7c6a8ed741191c0d10ddd0babe1cf	common_voice_ar_22066810.mp3	إثنان	2	0	teens	male		ar	Benchmark
12266ce471d445ebc9a7b937a8dd7a2f10083ce10dcc62ed20c9c6d065199f3ab1cbf4d8435fc072e347641e9b599e6630b7c6a8ed741191c0d10ddd0babe1cf	common_voice_ar_22066831.mp3	ثمانية	2	0	teens	male		ar	Benchmark
12266ce471d445ebc9a7b937a8dd7a2f10083ce10dcc62ed20c9c6d065199f3ab1cbf4d8435fc072e347641e9b599e6630b7c6a8ed741191c0d10ddd0babe1cf	common_voice_ar_22066833.mp3	هَايْ	2	0	teens	male		ar	Benchmark
12266ce471d445ebc9a7b937a8dd7a2f10083ce10dcc62ed20c9c6d065199f3ab1cbf4d8435fc072e347641e9b599e6630b7c6a8ed741191c0d10ddd0babe1cf	common_voice_ar_22066835.mp3	واحد	2	0	teens	male		ar	Benchmark
12266ce471d445ebc9a7b937a8dd7a2f10083ce10dcc62ed20c9c6d065199f3ab1cbf4d8435fc072e347641e9b599e6630b7c6a8ed741191c0d10ddd0babe1cf	common_voice_ar_22066836.mp3	خمسة	2	0	teens	male		ar	Benchmark
12266ce471d445ebc9a7b937a8dd7a2f10083ce10dcc62ed20c9c6d065199f3ab1cbf4d8435fc072e347641e9b599e6630b7c6a8ed741191c0d10ddd0babe1cf	common_voice_ar_22066839.mp3	صفر	2	0	teens	male		ar	Benchmark
12266ce471d445ebc9a7b937a8dd7a2f10083ce10dcc62ed20c9c6d065199f3ab1cbf4d8435fc072e347641e9b599e6630b7c6a8ed741191c0d10ddd0babe1cf	common_voice_ar_22066860.mp3	لا	2	0	teens	male		ar	Benchmark
12266ce471d445ebc9a7b937a8dd7a2f10083ce10dcc62ed20c9c6d065199f3ab1cbf4d8435fc072e347641e9b599e6630b7c6a8ed741191c0d10ddd0babe1cf	common_voice_ar_22066861.mp3	أربعة	2	0	teens	male		ar	Benchmark
12266ce471d445ebc9a7b937a8dd7a2f10083ce10dcc62ed20c9c6d065199f3ab1cbf4d8435fc072e347641e9b599e6630b7c6a8ed741191c0d10ddd0babe1cf	common_voice_ar_22066862.mp3	ثلاثة	2	1	teens	male		ar	Benchmark
12266ce471d445ebc9a7b937a8dd7a2f10083ce10dcc62ed20c9c6d065199f3ab1cbf4d8435fc072e347641e9b599e6630b7c6a8ed741191c0d10ddd0babe1cf	common_voice_ar_22066863.mp3	نعم	2	0	teens	male		ar	Benchmark
179de31290404c21cb681e479c76824f56b3539a4001756762e6631a20d53d275730d907c4ba7a1c9352d20a9d5b0ab84834a813e3df14b269797e67542ba4f5	common_voice_ar_21971350.mp3	لا	2	0	twenties	male		ar	Benchmark
179de31290404c21cb681e479c76824f56b3539a4001756762e6631a20d53d275730d907c4ba7a1c9352d20a9d5b0ab84834a813e3df14b269797e67542ba4f5	common_voice_ar_21971354.mp3	واحد	2	0	twenties	male		ar	Benchmark
179de31290404c21cb681e479c76824f56b3539a4001756762e6631a20d53d275730d907c4ba7a1c9352d20a9d5b0ab84834a813e3df14b269797e67542ba4f5	common_voice_ar_21971355.mp3	ثمانية	2	0	twenties	male		ar	Benchmark
179de31290404c21cb681e479c76824f56b3539a4001756762e6631a20d53d275730d907c4ba7a1c9352d20a9d5b0ab84834a813e3df14b269797e67542ba4f5	common_voice_ar_21971356.mp3	سبعة	2	0	twenties	male		ar	Benchmark
179de31290404c21cb681e479c76824f56b3539a4001756762e6631a20d53d275730d907c4ba7a1c9352d20a9d5b0ab84834a813e3df14b269797e67542ba4f5	common_voice_ar_21971357.mp3	أربعة	2	0	twenties	male		ar	Benchmark
179de31290404c21cb681e479c76824f56b3539a4001756762e6631a20d53d275730d907c4ba7a1c9352d20a9d5b0ab84834a813e3df14b269797e67542ba4f5	common_voice_ar_21971443.mp3	هَايْ	2	0	twenties	male		ar	Benchmark
179de31290404c21cb681e479c76824f56b3539a4001756762e6631a20d53d275730d907c4ba7a1c9352d20a9d5b0ab84834a813e3df14b269797e67542ba4f5	common_voice_ar_21971446.mp3	صفر	2	0	twenties	male		ar	Benchmark
179de31290404c21cb681e479c76824f56b3539a4001756762e6631a20d53d275730d907c4ba7a1c9352d20a9d5b0ab84834a813e3df14b269797e67542ba4f5	common_voice_ar_21971449.mp3	ثلاثة	2	0	twenties	male		ar	Benchmark
179de31290404c21cb681e479c76824f56b3539a4001756762e6631a20d53d275730d907c4ba7a1c9352d20a9d5b0ab84834a813e3df14b269797e67542ba4f5	common_voice_ar_21971451.mp3	فَيَرفُكس	2	0	twenties	male		ar	Benchmark
179de31290404c21cb681e479c76824f56b3539a4001756762e6631a20d53d275730d907c4ba7a1c9352d20a9d5b0ab84834a813e3df14b269797e67542ba4f5	common_voice_ar_21971454.mp3	تسعة	2	0	twenties	male		ar	Benchmark
179de31290404c21cb681e479c76824f56b3539a4001756762e6631a20d53d275730d907c4ba7a1c9352d20a9d5b0ab84834a813e3df14b269797e67542ba4f5	common_voice_ar_21972103.mp3	خمسة	2	0	twenties	male		ar	Benchmark
179de31290404c21cb681e479c76824f56b3539a4001756762e6631a20d53d275730d907c4ba7a1c9352d20a9d5b0ab84834a813e3df14b269797e67542ba4f5	common_voice_ar_21972109.mp3	ستة	2	0	twenties	male		ar	Benchmark
179de31290404c21cb681e479c76824f56b3539a4001756762e6631a20d53d275730d907c4ba7a1c9352d20a9d5b0ab84834a813e3df14b269797e67542ba4f5	common_voice_ar_21972116.mp3	نعم	2	0	twenties	male		ar	Benchmark
179de31290404c21cb681e479c76824f56b3539a4001756762e6631a20d53d275730d907c4ba7a1c9352d20a9d5b0ab84834a813e3df14b269797e67542ba4f5	common_voice_ar_21972127.mp3	إثنان	2	0	twenties	male		ar	Benchmark
2d3d0451dbc544b7710d409c994514d9730408d55a7020fe7e031e02d311681da9a1cbabef1dc52fc58bc40486dc16b803f9f54f0ec96663d17e220906820942	common_voice_ar_22220499.mp3	ثلاثة	2	0				ar	Benchmark
2d3d0451dbc544b7710d409c994514d9730408d55a7020fe7e031e02d311681da9a1cbabef1dc52fc58bc40486dc16b803f9f54f0ec96663d17e220906820942	common_voice_ar_22220503.mp3	تسعة	2	0				ar	Benchmark
2d3d0451dbc544b7710d409c994514d9730408d55a7020fe7e031e02d311681da9a1cbabef1dc52fc58bc40486dc16b803f9f54f0ec96663d17e220906820942	common_voice_ar_22220506.mp3	هَايْ	2	0				ar	Benchmark
2d3d0451dbc544b7710d409c994514d9730408d55a7020fe7e031e02d311681da9a1cbabef1dc52fc58bc40486dc16b803f9f54f0ec96663d17e220906820942	common_voice_ar_22220507.mp3	فَيَرفُكس	2	0				ar	Benchmark
2d3d0451dbc544b7710d409c994514d9730408d55a7020fe7e031e02d311681da9a1cbabef1dc52fc58bc40486dc16b803f9f54f0ec96663d17e220906820942	common_voice_ar_22220513.mp3	خمسة	2	0				ar	Benchmark
2d3d0451dbc544b7710d409c994514d9730408d55a7020fe7e031e02d311681da9a1cbabef1dc52fc58bc40486dc16b803f9f54f0ec96663d17e220906820942	common_voice_ar_22220529.mp3	صفر	2	0				ar	Benchmark
2d3d0451dbc544b7710d409c994514d9730408d55a7020fe7e031e02d311681da9a1cbabef1dc52fc58bc40486dc16b803f9f54f0ec96663d17e220906820942	common_voice_ar_22220530.mp3	أربعة	2	0				ar	Benchmark
2d3d0451dbc544b7710d409c994514d9730408d55a7020fe7e031e02d311681da9a1cbabef1dc52fc58bc40486dc16b803f9f54f0ec96663d17e220906820942	common_voice_ar_22220534.mp3	إثنان	2	0				ar	Benchmark
2d3d0451dbc544b7710d409c994514d9730408d55a7020fe7e031e02d311681da9a1cbabef1dc52fc58bc40486dc16b803f9f54f0ec96663d17e220906820942	common_voice_ar_22220537.mp3	واحد	2	0				ar	Benchmark
2d3d0451dbc544b7710d409c994514d9730408d55a7020fe7e031e02d311681da9a1cbabef1dc52fc58bc40486dc16b803f9f54f0ec96663d17e220906820942	common_voice_ar_22220544.mp3	ستة	2	0				ar	Benchmark
2d3d0451dbc544b7710d409c994514d9730408d55a7020fe7e031e02d311681da9a1cbabef1dc52fc58bc40486dc16b803f9f54f0ec96663d17e220906820942	common_voice_ar_22220551.mp3	ثمانية	2	0				ar	Benchmark
2d3d0451dbc544b7710d409c994514d9730408d55a7020fe7e031e02d311681da9a1cbabef1dc52fc58bc40486dc16b803f9f54f0ec96663d17e220906820942	common_voice_ar_22220553.mp3	نعم	2	0				ar	Benchmark
2d3d0451dbc544b7710d409c994514d9730408d55a7020fe7e031e02d311681da9a1cbabef1dc52fc58bc40486dc16b803f9f54f0ec96663d17e220906820942	common_voice_ar_22220556.mp3	سبعة	2	1				ar	Benchmark
2d3d0451dbc544b7710d409c994514d9730408d55a7020fe7e031e02d311681da9a1cbabef1dc52fc58bc40486dc16b803f9f54f0ec96663d17e220906820942	common_voice_ar_22220561.mp3	لا	2	0				ar	Benchmark
30f4e2af45e45ef316fbac0f38cacf59f19ad096c8dda19ecd03443fc27da3fd820cadb86ec0e39afa2abefeabb75e9b2ac6dd252240a83c7b4a92cc29954679	common_voice_ar_22378802.mp3	هَايْ	2	0	twenties	male		ar	Benchmark
30f4e2af45e45ef316fbac0f38cacf59f19ad096c8dda19ecd03443fc27da3fd820cadb86ec0e39afa2abefeabb75e9b2ac6dd252240a83c7b4a92cc29954679	common_voice_ar_22378803.mp3	صفر	2	0	twenties	male		ar	Benchmark
30f4e2af45e45ef316fbac0f38cacf59f19ad096c8dda19ecd03443fc27da3fd820cadb86ec0e39afa2abefeabb75e9b2ac6dd252240a83c7b4a92cc29954679	common_voice_ar_22378804.mp3	واحد	2	0	twenties	male		ar	Benchmark
30f4e2af45e45ef316fbac0f38cacf59f19ad096c8dda19ecd03443fc27da3fd820cadb86ec0e39afa2abefeabb75e9b2ac6dd252240a83c7b4a92cc29954679	common_voice_ar_22378805.mp3	ثلاثة	2	0	twenties	male		ar	Benchmark
30f4e2af45e45ef316fbac0f38cacf59f19ad096c8dda19ecd03443fc27da3fd820cadb86ec0e39afa2abefeabb75e9b2ac6dd252240a83c7b4a92cc29954679	common_voice_ar_22378806.mp3	لا	2	0	twenties	male		ar	Benchmark
30f4e2af45e45ef316fbac0f38cacf59f19ad096c8dda19ecd03443fc27da3fd820cadb86ec0e39afa2abefeabb75e9b2ac6dd252240a83c7b4a92cc29954679	common_voice_ar_22378812.mp3	نعم	2	0	twenties	male		ar	Benchmark
30f4e2af45e45ef316fbac0f38cacf59f19ad096c8dda19ecd03443fc27da3fd820cadb86ec0e39afa2abefeabb75e9b2ac6dd252240a83c7b4a92cc29954679	common_voice_ar_22378813.mp3	سبعة	2	0	twenties	male		ar	Benchmark
30f4e2af45e45ef316fbac0f38cacf59f19ad096c8dda19ecd03443fc27da3fd820cadb86ec0e39afa2abefeabb75e9b2ac6dd252240a83c7b4a92cc29954679	common_voice_ar_22378814.mp3	أربعة	2	0	twenties	male		ar	Benchmark
30f4e2af45e45ef316fbac0f38cacf59f19ad096c8dda19ecd03443fc27da3fd820cadb86ec0e39afa2abefeabb75e9b2ac6dd252240a83c7b4a92cc29954679	common_voice_ar_22378815.mp3	إثنان	2	0	twenties	male		ar	Benchmark
30f4e2af45e45ef316fbac0f38cacf59f19ad096c8dda19ecd03443fc27da3fd820cadb86ec0e39afa2abefeabb75e9b2ac6dd252240a83c7b4a92cc29954679	common_voice_ar_22378816.mp3	خمسة	2	0	twenties	male		ar	Benchmark
30f4e2af45e45ef316fbac0f38cacf59f19ad096c8dda19ecd03443fc27da3fd820cadb86ec0e39afa2abefeabb75e9b2ac6dd252240a83c7b4a92cc29954679	common_voice_ar_22447304.mp3	فَيَرفُكس	2	1	twenties	male		ar	Benchmark
30f4e2af45e45ef316fbac0f38cacf59f19ad096c8dda19ecd03443fc27da3fd820cadb86ec0e39afa2abefeabb75e9b2ac6dd252240a83c7b4a92cc29954679	common_voice_ar_22447305.mp3	ستة	2	0	twenties	male		ar	Benchmark
30f4e2af45e45ef316fbac0f38cacf59f19ad096c8dda19ecd03443fc27da3fd820cadb86ec0e39afa2abefeabb75e9b2ac6dd252240a83c7b4a92cc29954679	common_voice_ar_22447306.mp3	ثمانية	2	0	twenties	male		ar	Benchmark
30f4e2af45e45ef316fbac0f38cacf59f19ad096c8dda19ecd03443fc27da3fd820cadb86ec0e39afa2abefeabb75e9b2ac6dd252240a83c7b4a92cc29954679	common_voice_ar_22447307.mp3	تسعة	2	0	twenties	male		ar	Benchmark
694f653ba2431188dd9e70a4742071c13e5c3720cb8401584d5cab790a0c5279c5fa2aa1c7bcb578f2b3bcbd63d1cce2f44ca02d7e3aae779733f990ff60b722	common_voice_ar_22245805.mp3	لا	2	0	thirties	male		ar	Benchmark
694f653ba2431188dd9e70a4742071c13e5c3720cb8401584d5cab790a0c5279c5fa2aa1c7bcb578f2b3bcbd63d1cce2f44ca02d7e3aae779733f990ff60b722	common_voice_ar_22245807.mp3	أربعة	2	0	thirties	male		ar	Benchmark
694f653ba2431188dd9e70a4742071c13e5c3720cb8401584d5cab790a0c5279c5fa2aa1c7bcb578f2b3bcbd63d1cce2f44ca02d7e3aae779733f990ff60b722	common_voice_ar_22245809.mp3	إثنان	2	0	thirties	male		ar	Benchmark
694f653ba2431188dd9e70a4742071c13e5c3720cb8401584d5cab790a0c5279c5fa2aa1c7bcb578f2b3bcbd63d1cce2f44ca02d7e3aae779733f990ff60b722	common_voice_ar_22245810.mp3	هَايْ	2	0	thirties	male		ar	Benchmark
694f653ba2431188dd9e70a4742071c13e5c3720cb8401584d5cab790a0c5279c5fa2aa1c7bcb578f2b3bcbd63d1cce2f44ca02d7e3aae779733f990ff60b722	common_voice_ar_22245812.mp3	واحد	2	0	thirties	male		ar	Benchmark
694f653ba2431188dd9e70a4742071c13e5c3720cb8401584d5cab790a0c5279c5fa2aa1c7bcb578f2b3bcbd63d1cce2f44ca02d7e3aae779733f990ff60b722	common_voice_ar_22245815.mp3	ثمانية	2	0	thirties	male		ar	Benchmark
694f653ba2431188dd9e70a4742071c13e5c3720cb8401584d5cab790a0c5279c5fa2aa1c7bcb578f2b3bcbd63d1cce2f44ca02d7e3aae779733f990ff60b722	common_voice_ar_22245819.mp3	سبعة	2	0	thirties	male		ar	Benchmark
694f653ba2431188dd9e70a4742071c13e5c3720cb8401584d5cab790a0c5279c5fa2aa1c7bcb578f2b3bcbd63d1cce2f44ca02d7e3aae779733f990ff60b722	common_voice_ar_22245820.mp3	ستة	2	0	thirties	male		ar	Benchmark
694f653ba2431188dd9e70a4742071c13e5c3720cb8401584d5cab790a0c5279c5fa2aa1c7bcb578f2b3bcbd63d1cce2f44ca02d7e3aae779733f990ff60b722	common_voice_ar_22245821.mp3	ثلاثة	2	0	thirties	male		ar	Benchmark
694f653ba2431188dd9e70a4742071c13e5c3720cb8401584d5cab790a0c5279c5fa2aa1c7bcb578f2b3bcbd63d1cce2f44ca02d7e3aae779733f990ff60b722	common_voice_ar_22245822.mp3	تسعة	2	0	thirties	male		ar	Benchmark
694f653ba2431188dd9e70a4742071c13e5c3720cb8401584d5cab790a0c5279c5fa2aa1c7bcb578f2b3bcbd63d1cce2f44ca02d7e3aae779733f990ff60b722	common_voice_ar_22245823.mp3	فَيَرفُكس	2	0	thirties	male		ar	Benchmark
694f653ba2431188dd9e70a4742071c13e5c3720cb8401584d5cab790a0c5279c5fa2aa1c7bcb578f2b3bcbd63d1cce2f44ca02d7e3aae779733f990ff60b722	common_voice_ar_22245824.mp3	خمسة	2	0	thirties	male		ar	Benchmark
694f653ba2431188dd9e70a4742071c13e5c3720cb8401584d5cab790a0c5279c5fa2aa1c7bcb578f2b3bcbd63d1cce2f44ca02d7e3aae779733f990ff60b722	common_voice_ar_22245825.mp3	نعم	2	0	thirties	male		ar	Benchmark
694f653ba2431188dd9e70a4742071c13e5c3720cb8401584d5cab790a0c5279c5fa2aa1c7bcb578f2b3bcbd63d1cce2f44ca02d7e3aae779733f990ff60b722	common_voice_ar_22245826.mp3	صفر	2	0	thirties	male		ar	Benchmark
76f8de6509ec32e00464e3d5aba119f5e8afaeb5ecfc6f79ea1487b7d56064d22beb8bc845db3d6dac678346a313ed3250ad95770bc7749b5e52cd4855f373d1	common_voice_ar_22686906.mp3	سبعة	2	0	thirties	male		ar	Benchmark
76f8de6509ec32e00464e3d5aba119f5e8afaeb5ecfc6f79ea1487b7d56064d22beb8bc845db3d6dac678346a313ed3250ad95770bc7749b5e52cd4855f373d1	common_voice_ar_22686907.mp3	خمسة	2	0	thirties	male		ar	Benchmark
76f8de6509ec32e00464e3d5aba119f5e8afaeb5ecfc6f79ea1487b7d56064d22beb8bc845db3d6dac678346a313ed3250ad95770bc7749b5e52cd4855f373d1	common_voice_ar_22686908.mp3	ثمانية	2	0	thirties	male		ar	Benchmark
76f8de6509ec32e00464e3d5aba119f5e8afaeb5ecfc6f79ea1487b7d56064d22beb8bc845db3d6dac678346a313ed3250ad95770bc7749b5e52cd4855f373d1	common_voice_ar_22686909.mp3	واحد	2	0	thirties	male		ar	Benchmark
76f8de6509ec32e00464e3d5aba119f5e8afaeb5ecfc6f79ea1487b7d56064d22beb8bc845db3d6dac678346a313ed3250ad95770bc7749b5e52cd4855f373d1	common_voice_ar_22686910.mp3	صفر	2	0	thirties	male		ar	Benchmark
76f8de6509ec32e00464e3d5aba119f5e8afaeb5ecfc6f79ea1487b7d56064d22beb8bc845db3d6dac678346a313ed3250ad95770bc7749b5e52cd4855f373d1	common_voice_ar_22686995.mp3	هَايْ	2	1	thirties	male		ar	Benchmark
76f8de6509ec32e00464e3d5aba119f5e8afaeb5ecfc6f79ea1487b7d56064d22beb8bc845db3d6dac678346a313ed3250ad95770bc7749b5e52cd4855f373d1	common_voice_ar_22686999.mp3	لا	2	0	thirties	male		ar	Benchmark
76f8de6509ec32e00464e3d5aba119f5e8afaeb5ecfc6f79ea1487b7d56064d22beb8bc845db3d6dac678346a313ed3250ad95770bc7749b5e52cd4855f373d1	common_voice_ar_22687000.mp3	أربعة	2	0	thirties	male		ar	Benchmark
76f8de6509ec32e00464e3d5aba119f5e8afaeb5ecfc6f79ea1487b7d56064d22beb8bc845db3d6dac678346a313ed3250ad95770bc7749b5e52cd4855f373d1	common_voice_ar_22687002.mp3	فَيَرفُكس	2	0	thirties	male		ar	Benchmark
76f8de6509ec32e00464e3d5aba119f5e8afaeb5ecfc6f79ea1487b7d56064d22beb8bc845db3d6dac678346a313ed3250ad95770bc7749b5e52cd4855f373d1	common_voice_ar_22687003.mp3	تسعة	2	0	thirties	male		ar	Benchmark
76f8de6509ec32e00464e3d5aba119f5e8afaeb5ecfc6f79ea1487b7d56064d22beb8bc845db3d6dac678346a313ed3250ad95770bc7749b5e52cd4855f373d1	common_voice_ar_22687041.mp3	إثنان	2	0	thirties	male		ar	Benchmark
76f8de6509ec32e00464e3d5aba119f5e8afaeb5ecfc6f79ea1487b7d56064d22beb8bc845db3d6dac678346a313ed3250ad95770bc7749b5e52cd4855f373d1	common_voice_ar_22687042.mp3	ثلاثة	2	0	thirties	male		ar	Benchmark
76f8de6509ec32e00464e3d5aba119f5e8afaeb5ecfc6f79ea1487b7d56064d22beb8bc845db3d6dac678346a313ed3250ad95770bc7749b5e52cd4855f373d1	common_voice_ar_22687044.mp3	ستة	2	0	thirties	male		ar	Benchmark
76f8de6509ec32e00464e3d5aba119f5e8afaeb5ecfc6f79ea1487b7d56064d22beb8bc845db3d6dac678346a313ed3250ad95770bc7749b5e52cd4855f373d1	common_voice_ar_22687046.mp3	نعم	2	0	thirties	male		ar	Benchmark
78b0f49dc69d644ffe92cd1bda5ec8c96a797ed5fd877619ca2473c2a327775bf72de5bf28138343e71b895055ed921bf5c646d0ec0fafd2b25b09d5585fdea7	common_voice_ar_22404686.mp3	إثنان	2	0				ar	Benchmark
78b0f49dc69d644ffe92cd1bda5ec8c96a797ed5fd877619ca2473c2a327775bf72de5bf28138343e71b895055ed921bf5c646d0ec0fafd2b25b09d5585fdea7	common_voice_ar_22404687.mp3	تسعة	2	0				ar	Benchmark
78b0f49dc69d644ffe92cd1bda5ec8c96a797ed5fd877619ca2473c2a327775bf72de5bf28138343e71b895055ed921bf5c646d0ec0fafd2b25b09d5585fdea7	common_voice_ar_22404688.mp3	هَايْ	2	0				ar	Benchmark
78b0f49dc69d644ffe92cd1bda5ec8c96a797ed5fd877619ca2473c2a327775bf72de5bf28138343e71b895055ed921bf5c646d0ec0fafd2b25b09d5585fdea7	common_voice_ar_22404689.mp3	واحد	2	0				ar	Benchmark
78b0f49dc69d644ffe92cd1bda5ec8c96a797ed5fd877619ca2473c2a327775bf72de5bf28138343e71b895055ed921bf5c646d0ec0fafd2b25b09d5585fdea7	common_voice_ar_22404690.mp3	نعم	2	1				ar	Benchmark
78b0f49dc69d644ffe92cd1bda5ec8c96a797ed5fd877619ca2473c2a327775bf72de5bf28138343e71b895055ed921bf5c646d0ec0fafd2b25b09d5585fdea7	common_voice_ar_22404697.mp3	ثلاثة	2	0				ar	Benchmark
78b0f49dc69d644ffe92cd1bda5ec8c96a797ed5fd877619ca2473c2a327775bf72de5bf28138343e71b895055ed921bf5c646d0ec0fafd2b25b09d5585fdea7	common_voice_ar_22404698.mp3	ثمانية	2	0				ar	Benchmark
78b0f49dc69d644ffe92cd1bda5ec8c96a797ed5fd877619ca2473c2a327775bf72de5bf28138343e71b895055ed921bf5c646d0ec0fafd2b25b09d5585fdea7	common_voice_ar_22404699.mp3	لا	2	0				ar	Benchmark
78b0f49dc69d644ffe92cd1bda5ec8c96a797ed5fd877619ca2473c2a327775bf72de5bf28138343e71b895055ed921bf5c646d0ec0fafd2b25b09d5585fdea7	common_voice_ar_22404701.mp3	ستة	2	1				ar	Benchmark
78b0f49dc69d644ffe92cd1bda5ec8c96a797ed5fd877619ca2473c2a327775bf72de5bf28138343e71b895055ed921bf5c646d0ec0fafd2b25b09d5585fdea7	common_voice_ar_22404702.mp3	سبعة	2	0				ar	Benchmark
78b0f49dc69d644ffe92cd1bda5ec8c96a797ed5fd877619ca2473c2a327775bf72de5bf28138343e71b895055ed921bf5c646d0ec0fafd2b25b09d5585fdea7	common_voice_ar_22404712.mp3	أربعة	2	0				ar	Benchmark
78b0f49dc69d644ffe92cd1bda5ec8c96a797ed5fd877619ca2473c2a327775bf72de5bf28138343e71b895055ed921bf5c646d0ec0fafd2b25b09d5585fdea7	common_voice_ar_22404713.mp3	صفر	2	0				ar	Benchmark
78b0f49dc69d644ffe92cd1bda5ec8c96a797ed5fd877619ca2473c2a327775bf72de5bf28138343e71b895055ed921bf5c646d0ec0fafd2b25b09d5585fdea7	common_voice_ar_22404714.mp3	خمسة	2	0				ar	Benchmark
78b0f49dc69d644ffe92cd1bda5ec8c96a797ed5fd877619ca2473c2a327775bf72de5bf28138343e71b895055ed921bf5c646d0ec0fafd2b25b09d5585fdea7	common_voice_ar_22404715.mp3	فَيَرفُكس	2	0				ar	Benchmark
799284bbd83812551c7e7858ada0dd34e07469fa1aff12e7bbe9605f21941e53797f4b74ff2b07880af6cf5e97db8e91ac6b767783fdb61e2936c23d17c80e6a	common_voice_ar_22161884.mp3	خمسة	2	0	twenties	male		ar	Benchmark
799284bbd83812551c7e7858ada0dd34e07469fa1aff12e7bbe9605f21941e53797f4b74ff2b07880af6cf5e97db8e91ac6b767783fdb61e2936c23d17c80e6a	common_voice_ar_22161885.mp3	ثلاثة	2	0	twenties	male		ar	Benchmark
799284bbd83812551c7e7858ada0dd34e07469fa1aff12e7bbe9605f21941e53797f4b74ff2b07880af6cf5e97db8e91ac6b767783fdb61e2936c23d17c80e6a	common_voice_ar_22161886.mp3	ثمانية	2	0	twenties	male		ar	Benchmark
799284bbd83812551c7e7858ada0dd34e07469fa1aff12e7bbe9605f21941e53797f4b74ff2b07880af6cf5e97db8e91ac6b767783fdb61e2936c23d17c80e6a	common_voice_ar_22161887.mp3	لا	2	1	twenties	male		ar	Benchmark
799284bbd83812551c7e7858ada0dd34e07469fa1aff12e7bbe9605f21941e53797f4b74ff2b07880af6cf5e97db8e91ac6b767783fdb61e2936c23d17c80e6a	common_voice_ar_22161888.mp3	واحد	2	1	twenties	male		ar	Benchmark
799284bbd83812551c7e7858ada0dd34e07469fa1aff12e7bbe9605f21941e53797f4b74ff2b07880af6cf5e97db8e91ac6b767783fdb61e2936c23d17c80e6a	common_voice_ar_22161962.mp3	فَيَرفُكس	2	0	twenties	male		ar	Benchmark
799284bbd83812551c7e7858ada0dd34e07469fa1aff12e7bbe9605f21941e53797f4b74ff2b07880af6cf5e97db8e91ac6b767783fdb61e2936c23d17c80e6a	common_voice_ar_22161964.mp3	سبعة	2	0	twenties	male		ar	Benchmark
799284bbd83812551c7e7858ada0dd34e07469fa1aff12e7bbe9605f21941e53797f4b74ff2b07880af6cf5e97db8e91ac6b767783fdb61e2936c23d17c80e6a	common_voice_ar_22161965.mp3	نعم	2	0	twenties	male		ar	Benchmark
799284bbd83812551c7e7858ada0dd34e07469fa1aff12e7bbe9605f21941e53797f4b74ff2b07880af6cf5e97db8e91ac6b767783fdb61e2936c23d17c80e6a	common_voice_ar_22161967.mp3	هَايْ	2	0	twenties	male		ar	Benchmark
799284bbd83812551c7e7858ada0dd34e07469fa1aff12e7bbe9605f21941e53797f4b74ff2b07880af6cf5e97db8e91ac6b767783fdb61e2936c23d17c80e6a	common_voice_ar_22161969.mp3	ستة	2	0	twenties	male		ar	Benchmark
799284bbd83812551c7e7858ada0dd34e07469fa1aff12e7bbe9605f21941e53797f4b74ff2b07880af6cf5e97db8e91ac6b767783fdb61e2936c23d17c80e6a	common_voice_ar_22162041.mp3	إثنان	2	0	twenties	male		ar	Benchmark
799284bbd83812551c7e7858ada0dd34e07469fa1aff12e7bbe9605f21941e53797f4b74ff2b07880af6cf5e97db8e91ac6b767783fdb61e2936c23d17c80e6a	common_voice_ar_22162044.mp3	صفر	2	0	twenties	male		ar	Benchmark
799284bbd83812551c7e7858ada0dd34e07469fa1aff12e7bbe9605f21941e53797f4b74ff2b07880af6cf5e97db8e91ac6b767783fdb61e2936c23d17c80e6a	common_voice_ar_22162047.mp3	أربعة	2	0	twenties	male		ar	Benchmark
799284bbd83812551c7e7858ada0dd34e07469fa1aff12e7bbe9605f21941e53797f4b74ff2b07880af6cf5e97db8e91ac6b767783fdb61e2936c23d17c80e6a	common_voice_ar_22162049.mp3	تسعة	2	0	twenties	male		ar	Benchmark
7b2c0c850e6397eb3b7688474d0e4d042a70e88043113be322a5670cb6597f3ae88be2f55f3ff2be256a1da133b1d505fc16b069047f977b1b51c06e46653e8b	common_voice_ar_23871166.mp3	واحد	2	0				ar	Benchmark
7b2c0c850e6397eb3b7688474d0e4d042a70e88043113be322a5670cb6597f3ae88be2f55f3ff2be256a1da133b1d505fc16b069047f977b1b51c06e46653e8b	common_voice_ar_23871167.mp3	فَيَرفُكس	2	0				ar	Benchmark
7b2c0c850e6397eb3b7688474d0e4d042a70e88043113be322a5670cb6597f3ae88be2f55f3ff2be256a1da133b1d505fc16b069047f977b1b51c06e46653e8b	common_voice_ar_23871168.mp3	أربعة	2	0				ar	Benchmark
7b2c0c850e6397eb3b7688474d0e4d042a70e88043113be322a5670cb6597f3ae88be2f55f3ff2be256a1da133b1d505fc16b069047f977b1b51c06e46653e8b	common_voice_ar_23871169.mp3	نعم	2	0				ar	Benchmark
7b2c0c850e6397eb3b7688474d0e4d042a70e88043113be322a5670cb6597f3ae88be2f55f3ff2be256a1da133b1d505fc16b069047f977b1b51c06e46653e8b	common_voice_ar_23871170.mp3	ثمانية	2	0				ar	Benchmark
7b2c0c850e6397eb3b7688474d0e4d042a70e88043113be322a5670cb6597f3ae88be2f55f3ff2be256a1da133b1d505fc16b069047f977b1b51c06e46653e8b	common_voice_ar_23871171.mp3	إثنان	2	0	twenties	female		ar	Benchmark
7b2c0c850e6397eb3b7688474d0e4d042a70e88043113be322a5670cb6597f3ae88be2f55f3ff2be256a1da133b1d505fc16b069047f977b1b51c06e46653e8b	common_voice_ar_23871172.mp3	ثلاثة	2	0	twenties	female		ar	Benchmark
7b2c0c850e6397eb3b7688474d0e4d042a70e88043113be322a5670cb6597f3ae88be2f55f3ff2be256a1da133b1d505fc16b069047f977b1b51c06e46653e8b	common_voice_ar_23871173.mp3	خمسة	2	0	twenties	female		ar	Benchmark
7b2c0c850e6397eb3b7688474d0e4d042a70e88043113be322a5670cb6597f3ae88be2f55f3ff2be256a1da133b1d505fc16b069047f977b1b51c06e46653e8b	common_voice_ar_23871174.mp3	صفر	2	0	twenties	female		ar	Benchmark
7b2c0c850e6397eb3b7688474d0e4d042a70e88043113be322a5670cb6597f3ae88be2f55f3ff2be256a1da133b1d505fc16b069047f977b1b51c06e46653e8b	common_voice_ar_23871175.mp3	سبعة	2	0	twenties	female		ar	Benchmark
7b2c0c850e6397eb3b7688474d0e4d042a70e88043113be322a5670cb6597f3ae88be2f55f3ff2be256a1da133b1d505fc16b069047f977b1b51c06e46653e8b	common_voice_ar_23871176.mp3	ستة	2	0				ar	Benchmark
7b2c0c850e6397eb3b7688474d0e4d042a70e88043113be322a5670cb6597f3ae88be2f55f3ff2be256a1da133b1d505fc16b069047f977b1b51c06e46653e8b	common_voice_ar_23871177.mp3	تسعة	2	0				ar	Benchmark
7b2c0c850e6397eb3b7688474d0e4d042a70e88043113be322a5670cb6597f3ae88be2f55f3ff2be256a1da133b1d505fc16b069047f977b1b51c06e46653e8b	common_voice_ar_23871178.mp3	لا	2	0				ar	Benchmark
7b2c0c850e6397eb3b7688474d0e4d042a70e88043113be322a5670cb6597f3ae88be2f55f3ff2be256a1da133b1d505fc16b069047f977b1b51c06e46653e8b	common_voice_ar_23871179.mp3	هَايْ	2	0				ar	Benchmark
80f9b51673e2000a3897f9f0ed770887bddf93d05428f5a297b2f639530475a9c7c8cbc00e6ed2594e7171e135d82692db3e1ee1854e23f949c020afc0817dcd	common_voice_ar_22082412.mp3	فَيَرفُكس	2	1	twenties	female		ar	Benchmark
80f9b51673e2000a3897f9f0ed770887bddf93d05428f5a297b2f639530475a9c7c8cbc00e6ed2594e7171e135d82692db3e1ee1854e23f949c020afc0817dcd	common_voice_ar_22082413.mp3	أربعة	2	0	twenties	female		ar	Benchmark
80f9b51673e2000a3897f9f0ed770887bddf93d05428f5a297b2f639530475a9c7c8cbc00e6ed2594e7171e135d82692db3e1ee1854e23f949c020afc0817dcd	common_voice_ar_22082414.mp3	واحد	2	0	twenties	female		ar	Benchmark
80f9b51673e2000a3897f9f0ed770887bddf93d05428f5a297b2f639530475a9c7c8cbc00e6ed2594e7171e135d82692db3e1ee1854e23f949c020afc0817dcd	common_voice_ar_22082415.mp3	ثمانية	2	0	twenties	female		ar	Benchmark
80f9b51673e2000a3897f9f0ed770887bddf93d05428f5a297b2f639530475a9c7c8cbc00e6ed2594e7171e135d82692db3e1ee1854e23f949c020afc0817dcd	common_voice_ar_22082416.mp3	إثنان	2	0	twenties	female		ar	Benchmark
80f9b51673e2000a3897f9f0ed770887bddf93d05428f5a297b2f639530475a9c7c8cbc00e6ed2594e7171e135d82692db3e1ee1854e23f949c020afc0817dcd	common_voice_ar_22082429.mp3	لا	2	1	twenties	female		ar	Benchmark
80f9b51673e2000a3897f9f0ed770887bddf93d05428f5a297b2f639530475a9c7c8cbc00e6ed2594e7171e135d82692db3e1ee1854e23f949c020afc0817dcd	common_voice_ar_22082430.mp3	صفر	2	1	twenties	female		ar	Benchmark
80f9b51673e2000a3897f9f0ed770887bddf93d05428f5a297b2f639530475a9c7c8cbc00e6ed2594e7171e135d82692db3e1ee1854e23f949c020afc0817dcd	common_voice_ar_22082432.mp3	تسعة	2	0	twenties	female		ar	Benchmark
80f9b51673e2000a3897f9f0ed770887bddf93d05428f5a297b2f639530475a9c7c8cbc00e6ed2594e7171e135d82692db3e1ee1854e23f949c020afc0817dcd	common_voice_ar_22082437.mp3	خمسة	2	0	twenties	female		ar	Benchmark
80f9b51673e2000a3897f9f0ed770887bddf93d05428f5a297b2f639530475a9c7c8cbc00e6ed2594e7171e135d82692db3e1ee1854e23f949c020afc0817dcd	common_voice_ar_22082439.mp3	ثلاثة	2	0	twenties	female		ar	Benchmark
80f9b51673e2000a3897f9f0ed770887bddf93d05428f5a297b2f639530475a9c7c8cbc00e6ed2594e7171e135d82692db3e1ee1854e23f949c020afc0817dcd	common_voice_ar_22082475.mp3	ستة	2	0	twenties	female		ar	Benchmark
80f9b51673e2000a3897f9f0ed770887bddf93d05428f5a297b2f639530475a9c7c8cbc00e6ed2594e7171e135d82692db3e1ee1854e23f949c020afc0817dcd	common_voice_ar_22082479.mp3	سبعة	2	0	twenties	female		ar	Benchmark
80f9b51673e2000a3897f9f0ed770887bddf93d05428f5a297b2f639530475a9c7c8cbc00e6ed2594e7171e135d82692db3e1ee1854e23f949c020afc0817dcd	common_voice_ar_22082484.mp3	نعم	2	0	twenties	female		ar	Benchmark
80f9b51673e2000a3897f9f0ed770887bddf93d05428f5a297b2f639530475a9c7c8cbc00e6ed2594e7171e135d82692db3e1ee1854e23f949c020afc0817dcd	common_voice_ar_22082487.mp3	هَايْ	2	0	twenties	female		ar	Benchmark
91aa1f3d7a2736defd39ff047ae5c8c1c6ea2e2166e29f157b849bc635a9aee2cf976f0d428f3a05cb9b27d0d9d1b07b7dbc7f1ed41f0843aee2c7e1a66445d3	common_voice_ar_22197030.mp3	خمسة	2	1	teens	male		ar	Benchmark
91aa1f3d7a2736defd39ff047ae5c8c1c6ea2e2166e29f157b849bc635a9aee2cf976f0d428f3a05cb9b27d0d9d1b07b7dbc7f1ed41f0843aee2c7e1a66445d3	common_voice_ar_22197033.mp3	ثمانية	2	0	teens	male		ar	Benchmark
91aa1f3d7a2736defd39ff047ae5c8c1c6ea2e2166e29f157b849bc635a9aee2cf976f0d428f3a05cb9b27d0d9d1b07b7dbc7f1ed41f0843aee2c7e1a66445d3	common_voice_ar_22197035.mp3	لا	2	0	teens	male		ar	Benchmark
91aa1f3d7a2736defd39ff047ae5c8c1c6ea2e2166e29f157b849bc635a9aee2cf976f0d428f3a05cb9b27d0d9d1b07b7dbc7f1ed41f0843aee2c7e1a66445d3	common_voice_ar_22197037.mp3	فَيَرفُكس	2	1	teens	male		ar	Benchmark
91aa1f3d7a2736defd39ff047ae5c8c1c6ea2e2166e29f157b849bc635a9aee2cf976f0d428f3a05cb9b27d0d9d1b07b7dbc7f1ed41f0843aee2c7e1a66445d3	common_voice_ar_22197039.mp3	نعم	3	0	teens	male		ar	Benchmark
91aa1f3d7a2736defd39ff047ae5c8c1c6ea2e2166e29f157b849bc635a9aee2cf976f0d428f3a05cb9b27d0d9d1b07b7dbc7f1ed41f0843aee2c7e1a66445d3	common_voice_ar_22197246.mp3	صفر	2	1	teens	male		ar	Benchmark
91aa1f3d7a2736defd39ff047ae5c8c1c6ea2e2166e29f157b849bc635a9aee2cf976f0d428f3a05cb9b27d0d9d1b07b7dbc7f1ed41f0843aee2c7e1a66445d3	common_voice_ar_22197250.mp3	ثلاثة	2	0	teens	male		ar	Benchmark
91aa1f3d7a2736defd39ff047ae5c8c1c6ea2e2166e29f157b849bc635a9aee2cf976f0d428f3a05cb9b27d0d9d1b07b7dbc7f1ed41f0843aee2c7e1a66445d3	common_voice_ar_22197252.mp3	سبعة	2	1	teens	male		ar	Benchmark
91aa1f3d7a2736defd39ff047ae5c8c1c6ea2e2166e29f157b849bc635a9aee2cf976f0d428f3a05cb9b27d0d9d1b07b7dbc7f1ed41f0843aee2c7e1a66445d3	common_voice_ar_22197254.mp3	إثنان	2	0	teens	male		ar	Benchmark
91aa1f3d7a2736defd39ff047ae5c8c1c6ea2e2166e29f157b849bc635a9aee2cf976f0d428f3a05cb9b27d0d9d1b07b7dbc7f1ed41f0843aee2c7e1a66445d3	common_voice_ar_22197255.mp3	هَايْ	2	0	teens	male		ar	Benchmark
91aa1f3d7a2736defd39ff047ae5c8c1c6ea2e2166e29f157b849bc635a9aee2cf976f0d428f3a05cb9b27d0d9d1b07b7dbc7f1ed41f0843aee2c7e1a66445d3	common_voice_ar_22197276.mp3	واحد	2	0	teens	male		ar	Benchmark
91aa1f3d7a2736defd39ff047ae5c8c1c6ea2e2166e29f157b849bc635a9aee2cf976f0d428f3a05cb9b27d0d9d1b07b7dbc7f1ed41f0843aee2c7e1a66445d3	common_voice_ar_22197277.mp3	ستة	2	0	teens	male		ar	Benchmark
91aa1f3d7a2736defd39ff047ae5c8c1c6ea2e2166e29f157b849bc635a9aee2cf976f0d428f3a05cb9b27d0d9d1b07b7dbc7f1ed41f0843aee2c7e1a66445d3	common_voice_ar_22197278.mp3	أربعة	2	0	teens	male		ar	Benchmark
91aa1f3d7a2736defd39ff047ae5c8c1c6ea2e2166e29f157b849bc635a9aee2cf976f0d428f3a05cb9b27d0d9d1b07b7dbc7f1ed41f0843aee2c7e1a66445d3	common_voice_ar_22197279.mp3	تسعة	3	0	teens	male		ar	Benchmark
a68f7a8322ae676ad8256e2928e72816acf1105a03f8aff3d282e6f404ec37016ebecf7642ce3b1d1dfe468b2cc23da847f0bbd220782f328c7c4cb0bd6ed630	common_voice_ar_22434091.mp3	سبعة	2	0	thirties	male		ar	Benchmark
a68f7a8322ae676ad8256e2928e72816acf1105a03f8aff3d282e6f404ec37016ebecf7642ce3b1d1dfe468b2cc23da847f0bbd220782f328c7c4cb0bd6ed630	common_voice_ar_22434092.mp3	إثنان	2	0	thirties	male		ar	Benchmark
a68f7a8322ae676ad8256e2928e72816acf1105a03f8aff3d282e6f404ec37016ebecf7642ce3b1d1dfe468b2cc23da847f0bbd220782f328c7c4cb0bd6ed630	common_voice_ar_22434093.mp3	هَايْ	2	1	thirties	male		ar	Benchmark
a68f7a8322ae676ad8256e2928e72816acf1105a03f8aff3d282e6f404ec37016ebecf7642ce3b1d1dfe468b2cc23da847f0bbd220782f328c7c4cb0bd6ed630	common_voice_ar_22434094.mp3	ثلاثة	2	0	thirties	male		ar	Benchmark
a68f7a8322ae676ad8256e2928e72816acf1105a03f8aff3d282e6f404ec37016ebecf7642ce3b1d1dfe468b2cc23da847f0bbd220782f328c7c4cb0bd6ed630	common_voice_ar_22434095.mp3	صفر	2	0	thirties	male		ar	Benchmark
a68f7a8322ae676ad8256e2928e72816acf1105a03f8aff3d282e6f404ec37016ebecf7642ce3b1d1dfe468b2cc23da847f0bbd220782f328c7c4cb0bd6ed630	common_voice_ar_22434102.mp3	فَيَرفُكس	2	0	thirties	male		ar	Benchmark
a68f7a8322ae676ad8256e2928e72816acf1105a03f8aff3d282e6f404ec37016ebecf7642ce3b1d1dfe468b2cc23da847f0bbd220782f328c7c4cb0bd6ed630	common_voice_ar_22434103.mp3	خمسة	2	0	thirties	male		ar	Benchmark
a68f7a8322ae676ad8256e2928e72816acf1105a03f8aff3d282e6f404ec37016ebecf7642ce3b1d1dfe468b2cc23da847f0bbd220782f328c7c4cb0bd6ed630	common_voice_ar_22434104.mp3	ستة	2	0	thirties	male		ar	Benchmark
a68f7a8322ae676ad8256e2928e72816acf1105a03f8aff3d282e6f404ec37016ebecf7642ce3b1d1dfe468b2cc23da847f0bbd220782f328c7c4cb0bd6ed630	common_voice_ar_22434105.mp3	تسعة	2	0	thirties	male		ar	Benchmark
a68f7a8322ae676ad8256e2928e72816acf1105a03f8aff3d282e6f404ec37016ebecf7642ce3b1d1dfe468b2cc23da847f0bbd220782f328c7c4cb0bd6ed630	common_voice_ar_22434106.mp3	واحد	2	0	thirties	male		ar	Benchmark
a68f7a8322ae676ad8256e2928e72816acf1105a03f8aff3d282e6f404ec37016ebecf7642ce3b1d1dfe468b2cc23da847f0bbd220782f328c7c4cb0bd6ed630	common_voice_ar_22444882.mp3	نعم	2	0	thirties	male		ar	Benchmark
a68f7a8322ae676ad8256e2928e72816acf1105a03f8aff3d282e6f404ec37016ebecf7642ce3b1d1dfe468b2cc23da847f0bbd220782f328c7c4cb0bd6ed630	common_voice_ar_22444883.mp3	أربعة	2	0	thirties	male		ar	Benchmark
a68f7a8322ae676ad8256e2928e72816acf1105a03f8aff3d282e6f404ec37016ebecf7642ce3b1d1dfe468b2cc23da847f0bbd220782f328c7c4cb0bd6ed630	common_voice_ar_22444884.mp3	ثمانية	2	0	thirties	male		ar	Benchmark
a68f7a8322ae676ad8256e2928e72816acf1105a03f8aff3d282e6f404ec37016ebecf7642ce3b1d1dfe468b2cc23da847f0bbd220782f328c7c4cb0bd6ed630	common_voice_ar_22444885.mp3	لا	2	0	thirties	male		ar	Benchmark
ce9edba244995ba0549bd686e0ad3f82261d06115d5ce19ddc780b008badfb69f3546fc515bd3a7c8a86a4d6eed98036275ba8e89af5691d70162d29ea737099	common_voice_ar_22682367.mp3	سبعة	2	1				ar	Benchmark
ce9edba244995ba0549bd686e0ad3f82261d06115d5ce19ddc780b008badfb69f3546fc515bd3a7c8a86a4d6eed98036275ba8e89af5691d70162d29ea737099	common_voice_ar_22682368.mp3	فَيَرفُكس	2	0				ar	Benchmark
ce9edba244995ba0549bd686e0ad3f82261d06115d5ce19ddc780b008badfb69f3546fc515bd3a7c8a86a4d6eed98036275ba8e89af5691d70162d29ea737099	common_voice_ar_22682369.mp3	ستة	2	0				ar	Benchmark
ce9edba244995ba0549bd686e0ad3f82261d06115d5ce19ddc780b008badfb69f3546fc515bd3a7c8a86a4d6eed98036275ba8e89af5691d70162d29ea737099	common_voice_ar_22682370.mp3	تسعة	2	0				ar	Benchmark
ce9edba244995ba0549bd686e0ad3f82261d06115d5ce19ddc780b008badfb69f3546fc515bd3a7c8a86a4d6eed98036275ba8e89af5691d70162d29ea737099	common_voice_ar_22682371.mp3	لا	2	0				ar	Benchmark
ce9edba244995ba0549bd686e0ad3f82261d06115d5ce19ddc780b008badfb69f3546fc515bd3a7c8a86a4d6eed98036275ba8e89af5691d70162d29ea737099	common_voice_ar_22682385.mp3	إثنان	2	0				ar	Benchmark
ce9edba244995ba0549bd686e0ad3f82261d06115d5ce19ddc780b008badfb69f3546fc515bd3a7c8a86a4d6eed98036275ba8e89af5691d70162d29ea737099	common_voice_ar_22682386.mp3	ثمانية	2	1				ar	Benchmark
ce9edba244995ba0549bd686e0ad3f82261d06115d5ce19ddc780b008badfb69f3546fc515bd3a7c8a86a4d6eed98036275ba8e89af5691d70162d29ea737099	common_voice_ar_22682389.mp3	واحد	2	1				ar	Benchmark
ce9edba244995ba0549bd686e0ad3f82261d06115d5ce19ddc780b008badfb69f3546fc515bd3a7c8a86a4d6eed98036275ba8e89af5691d70162d29ea737099	common_voice_ar_22682392.mp3	ثلاثة	2	0				ar	Benchmark
ce9edba244995ba0549bd686e0ad3f82261d06115d5ce19ddc780b008badfb69f3546fc515bd3a7c8a86a4d6eed98036275ba8e89af5691d70162d29ea737099	common_voice_ar_22682393.mp3	صفر	2	0				ar	Benchmark
ce9edba244995ba0549bd686e0ad3f82261d06115d5ce19ddc780b008badfb69f3546fc515bd3a7c8a86a4d6eed98036275ba8e89af5691d70162d29ea737099	common_voice_ar_22682395.mp3	خمسة	2	0				ar	Benchmark
ce9edba244995ba0549bd686e0ad3f82261d06115d5ce19ddc780b008badfb69f3546fc515bd3a7c8a86a4d6eed98036275ba8e89af5691d70162d29ea737099	common_voice_ar_22682396.mp3	هَايْ	2	1				ar	Benchmark
ce9edba244995ba0549bd686e0ad3f82261d06115d5ce19ddc780b008badfb69f3546fc515bd3a7c8a86a4d6eed98036275ba8e89af5691d70162d29ea737099	common_voice_ar_22682397.mp3	نعم	2	0				ar	Benchmark
ce9edba244995ba0549bd686e0ad3f82261d06115d5ce19ddc780b008badfb69f3546fc515bd3a7c8a86a4d6eed98036275ba8e89af5691d70162d29ea737099	common_voice_ar_22682398.mp3	أربعة	2	1				ar	Benchmark
